case_id,crime_category,ipc_section,case_facts,evidence_strength,number_of_witnesses,accused_prior_record,punishment_years,fine_amount,verdict,case_description
1,Theft,379,The accused was charged with theft under IPC section 379. Evidence strength was Weak. 5 witnesses were presented in court. Prior criminal record: No.,Weak,5,No,2,5572,Convicted,"This case involves a charge of Theft under IPC section 379. The prosecution presented evidence considered Weak in strength with testimony from 5 witnesses. The accused had no prior criminal record. Based on the evaluation of the facts and evidence, the accused was ultimately convicted by the court."
2,Theft,379,The accused was charged with theft under IPC section 379. Evidence strength was Strong. 5 witnesses were presented in court. Prior criminal record: Yes.,Strong,5,Yes,5,28651,Convicted,"This case involves a charge of Theft under IPC section 379. The prosecution presented evidence considered Strong in strength with testimony from 5 witnesses. The accused had no prior criminal record. Based on the evaluation of the facts and evidence, the accused was ultimately convicted by the court."
3,Murder,302,The accused was charged with murder under IPC section 302. Evidence strength was Weak. 0 witnesses were presented in court. Prior criminal record: Yes.,Weak,0,Yes,10,19390,Convicted,"This case involves a charge of Murder under IPC section 302. The prosecution presented evidence considered Weak in strength with testimony from 0 witnesses. The accused had no prior criminal record. Based on the evaluation of the facts and evidence, the accused was ultimately convicted by the court."
4,Cheating,420,The accused was charged with cheating under IPC section 420. Evidence strength was Strong. 5 witnesses were presented in court. Prior criminal record: No.,Strong,5,No,3,30439,Convicted,"This case involves a charge of Cheating under IPC section 420. The prosecution presented evidence considered Strong in strength with testimony from 5 witnesses. The accused had no prior criminal record. Based on the evaluation of the facts and evidence, the accused was ultimately convicted by the court."
5,Smuggling,135,The accused was charged with smuggling under IPC section 135. Evidence strength was Moderate. 0 witnesses were presented in court. Prior criminal record: Yes.,Moderate,0,Yes,0,0,Acquitted,"This case involves a charge of Smuggling under IPC section 135. The prosecution presented evidence considered Moderate in strength with testimony from 0 witnesses. The accused had no prior criminal record. Based on the evaluation of the facts and evidence, the accused was acquitted due to insufficient evidence."
6,Cybercrime,66,The accused was charged with cybercrime under IPC section 66. Evidence strength was Moderate. 1 witnesses were presented in court. Prior criminal record: Yes.,Moderate,1,Yes,0,0,Acquitted,"This case involves a charge of Cybercrime under IPC section 66. The prosecution presented evidence considered Moderate in strength with testimony from 1 witnesses. The accused had no prior criminal record. Based on the evaluation of the facts and evidence, the accused was acquitted due to insufficient evidence."
7,Theft,379,The accused was charged with theft under IPC section 379. Evidence strength was Weak. 3 witnesses were presented in court. Prior criminal record: Yes.,Weak,3,Yes,3,23541,Convicted,"This case involves a charge of Theft under IPC section 379. The prosecution presented evidence considered Weak in strength with testimony from 3 witnesses. The accused had no prior criminal record. Based on the evaluation of the facts and evidence, the accused was ultimately convicted by the court."
8,Smuggling,135,The accused was charged with smuggling under IPC section 135. Evidence strength was Moderate. 0 witnesses were presented in court. Prior criminal record: No.,Moderate,0,No,5,3582,Convicted,"This case involves a charge of Smuggling under IPC section 135. The prosecution presented evidence considered Moderate in strength with testimony from 0 witnesses. The accused had no prior criminal record. Based on the evaluation of the facts and evidence, the accused was ultimately convicted by the court."
9,Sexual Assault,376,The accused was charged with sexual assault under IPC section 376. Evidence strength was Moderate. 5 witnesses were presented in court. Prior criminal record: No.,Moderate,5,No,18,3279,Convicted,"This case involves a charge of Sexual Assault under IPC section 376. The prosecution presented evidence considered Moderate in strength with testimony from 5 witnesses. The accused had no prior criminal record. Based on the evaluation of the facts and evidence, the accused was ultimately convicted by the court."
10,Murder,302,The accused was charged with murder under IPC section 302. Evidence strength was Strong. 1 witnesses were presented in court. Prior criminal record: No.,Strong,1,No,12,16256,Convicted,"This case involves a charge of Murder under IPC section 302. The prosecution presented evidence considered Strong in strength with testimony from 1 witnesses. The accused had no prior criminal record. Based on the evaluation of the facts and evidence, the accused was ultimately convicted by the court."
11,Theft,379,The accused was charged with theft under IPC section 379. Evidence strength was Moderate. 2 witnesses were presented in court. Prior criminal record: No.,Moderate,2,No,0,0,Acquitted,"This case involves a charge of Theft under IPC section 379. The prosecution presented evidence considered Moderate in strength with testimony from 2 witnesses. The accused had no prior criminal record. Based on the evaluation of the facts and evidence, the accused was acquitted due to insufficient evidence."
12,Assault,323,The accused was charged with assault under IPC section 323. Evidence strength was Moderate. 2 witnesses were presented in court. Prior criminal record: Yes.,Moderate,2,Yes,0,0,Acquitted,"This case involves a charge of Assault under IPC section 323. The prosecution presented evidence considered Moderate in strength with testimony from 2 witnesses. The accused had no prior criminal record. Based on the evaluation of the facts and evidence, the accused was acquitted due to insufficient evidence."
13,Theft,379,The accused was charged with theft under IPC section 379. Evidence strength was Strong. 5 witnesses were presented in court. Prior criminal record: Yes.,Strong,5,Yes,5,48784,Convicted,"This case involves a charge of Theft under IPC section 379. The prosecution presented evidence considered Strong in strength with testimony from 5 witnesses. The accused had no prior criminal record. Based on the evaluation of the facts and evidence, the accused was ultimately convicted by the court."
14,Cheating,420,The accused was charged with cheating under IPC section 420. Evidence strength was Weak. 3 witnesses were presented in court. Prior criminal record: No.,Weak,3,No,0,0,Acquitted,"This case involves a charge of Cheating under IPC section 420. The prosecution presented evidence considered Weak in strength with testimony from 3 witnesses. The accused had no prior criminal record. Based on the evaluation of the facts and evidence, the accused was acquitted due to insufficient evidence."
15,Sexual Assault,376,The accused was charged with sexual assault under IPC section 376. Evidence strength was Weak. 5 witnesses were presented in court. Prior criminal record: No.,Weak,5,No,10,27928,Convicted,"This case involves a charge of Sexual Assault under IPC section 376. The prosecution presented evidence considered Weak in strength with testimony from 5 witnesses. The accused had no prior criminal record. Based on the evaluation of the facts and evidence, the accused was ultimately convicted by the court."
16,Murder,302,The accused was charged with murder under IPC section 302. Evidence strength was Moderate. 3 witnesses were presented in court. Prior criminal record: No.,Moderate,3,No,16,19585,Convicted,"This case involves a charge of Murder under IPC section 302. The prosecution presented evidence considered Moderate in strength with testimony from 3 witnesses. The accused had no prior criminal record. Based on the evaluation of the facts and evidence, the accused was ultimately convicted by the court."
17,Cybercrime,66,The accused was charged with cybercrime under IPC section 66. Evidence strength was Weak. 5 witnesses were presented in court. Prior criminal record: No.,Weak,5,No,0,0,Acquitted,"This case involves a charge of Cybercrime under IPC section 66. The prosecution presented evidence considered Weak in strength with testimony from 5 witnesses. The accused had no prior criminal record. Based on the evaluation of the facts and evidence, the accused was acquitted due to insufficient evidence."
18,Corruption,13,The accused was charged with corruption under IPC section 13. Evidence strength was Weak. 2 witnesses were presented in court. Prior criminal record: Yes.,Weak,2,Yes,7,25478,Convicted,"This case involves a charge of Corruption under IPC section 13. The prosecution presented evidence considered Weak in strength with testimony from 2 witnesses. The accused had no prior criminal record. Based on the evaluation of the facts and evidence, the accused was ultimately convicted by the court."
19,Smuggling,135,The accused was charged with smuggling under IPC section 135. Evidence strength was Moderate. 4 witnesses were presented in court. Prior criminal record: No.,Moderate,4,No,0,0,Acquitted,"This case involves a charge of Smuggling under IPC section 135. The prosecution presented evidence considered Moderate in strength with testimony from 4 witnesses. The accused had no prior criminal record. Based on the evaluation of the facts and evidence, the accused was acquitted due to insufficient evidence."
20,Cheating,420,The accused was charged with cheating under IPC section 420. Evidence strength was Weak. 4 witnesses were presented in court. Prior criminal record: No.,Weak,4,No,2,29216,Convicted,"This case involves a charge of Cheating under IPC section 420. The prosecution presented evidence considered Weak in strength with testimony from 4 witnesses. The accused had no prior criminal record. Based on the evaluation of the facts and evidence, the accused was ultimately convicted by the court."
21,Theft,379,The accused was charged with theft under IPC section 379. Evidence strength was Weak. 5 witnesses were presented in court. Prior criminal record: Yes.,Weak,5,Yes,4,40086,Convicted,"This case involves a charge of Theft under IPC section 379. The prosecution presented evidence considered Weak in strength with testimony from 5 witnesses. The accused had no prior criminal record. Based on the evaluation of the facts and evidence, the accused was ultimately convicted by the court."
22,Theft,379,The accused was charged with theft under IPC section 379. Evidence strength was Moderate. 3 witnesses were presented in court. Prior criminal record: No.,Moderate,3,No,0,0,Acquitted,"This case involves a charge of Theft under IPC section 379. The prosecution presented evidence considered Moderate in strength with testimony from 3 witnesses. The accused had no prior criminal record. Based on the evaluation of the facts and evidence, the accused was acquitted due to insufficient evidence."
23,Sexual Assault,376,The accused was charged with sexual assault under IPC section 376. Evidence strength was Weak. 5 witnesses were presented in court. Prior criminal record: Yes.,Weak,5,Yes,17,36190,Convicted,"This case involves a charge of Sexual Assault under IPC section 376. The prosecution presented evidence considered Weak in strength with testimony from 5 witnesses. The accused had no prior criminal record. Based on the evaluation of the facts and evidence, the accused was ultimately convicted by the court."
24,Kidnapping,363,The accused was charged with kidnapping under IPC section 363. Evidence strength was Strong. 2 witnesses were presented in court. Prior criminal record: Yes.,Strong,2,Yes,7,29492,Convicted,"This case involves a charge of Kidnapping under IPC section 363. The prosecution presented evidence considered Strong in strength with testimony from 2 witnesses. The accused had no prior criminal record. Based on the evaluation of the facts and evidence, the accused was ultimately convicted by the court."
25,Assault,323,The accused was charged with assault under IPC section 323. Evidence strength was Moderate. 0 witnesses were presented in court. Prior criminal record: No.,Moderate,0,No,0,29525,Convicted,"This case involves a charge of Assault under IPC section 323. The prosecution presented evidence considered Moderate in strength with testimony from 0 witnesses. The accused had no prior criminal record. Based on the evaluation of the facts and evidence, the accused was ultimately convicted by the court."
26,Kidnapping,363,The accused was charged with kidnapping under IPC section 363. Evidence strength was Strong. 4 witnesses were presented in court. Prior criminal record: Yes.,Strong,4,Yes,5,25504,Convicted,"This case involves a charge of Kidnapping under IPC section 363. The prosecution presented evidence considered Strong in strength with testimony from 4 witnesses. The accused had no prior criminal record. Based on the evaluation of the facts and evidence, the accused was ultimately convicted by the court."
27,Assault,323,The accused was charged with assault under IPC section 323. Evidence strength was Strong. 4 witnesses were presented in court. Prior criminal record: Yes.,Strong,4,Yes,2,33021,Convicted,"This case involves a charge of Assault under IPC section 323. The prosecution presented evidence considered Strong in strength with testimony from 4 witnesses. The accused had no prior criminal record. Based on the evaluation of the facts and evidence, the accused was ultimately convicted by the court."
28,Murder,302,The accused was charged with murder under IPC section 302. Evidence strength was Weak. 2 witnesses were presented in court. Prior criminal record: No.,Weak,2,No,11,8892,Convicted,"This case involves a charge of Murder under IPC section 302. The prosecution presented evidence considered Weak in strength with testimony from 2 witnesses. The accused had no prior criminal record. Based on the evaluation of the facts and evidence, the accused was ultimately convicted by the court."
29,Smuggling,135,The accused was charged with smuggling under IPC section 135. Evidence strength was Weak. 0 witnesses were presented in court. Prior criminal record: No.,Weak,0,No,8,18455,Convicted,"This case involves a charge of Smuggling under IPC section 135. The prosecution presented evidence considered Weak in strength with testimony from 0 witnesses. The accused had no prior criminal record. Based on the evaluation of the facts and evidence, the accused was ultimately convicted by the court."
30,Assault,323,The accused was charged with assault under IPC section 323. Evidence strength was Weak. 5 witnesses were presented in court. Prior criminal record: No.,Weak,5,No,2,18290,Convicted,"This case involves a charge of Assault under IPC section 323. The prosecution presented evidence considered Weak in strength with testimony from 5 witnesses. The accused had no prior criminal record. Based on the evaluation of the facts and evidence, the accused was ultimately convicted by the court."
31,Smuggling,135,The accused was charged with smuggling under IPC section 135. Evidence strength was Moderate. 1 witnesses were presented in court. Prior criminal record: Yes.,Moderate,1,Yes,0,0,Acquitted,"This case involves a charge of Smuggling under IPC section 135. The prosecution presented evidence considered Moderate in strength with testimony from 1 witnesses. The accused had no prior criminal record. Based on the evaluation of the facts and evidence, the accused was acquitted due to insufficient evidence."
32,Drug Possession,21,The accused was charged with drug possession under IPC section 21. Evidence strength was Strong. 5 witnesses were presented in court. Prior criminal record: No.,Strong,5,No,9,34919,Convicted,"This case involves a charge of Drug Possession under IPC section 21. The prosecution presented evidence considered Strong in strength with testimony from 5 witnesses. The accused had no prior criminal record. Based on the evaluation of the facts and evidence, the accused was ultimately convicted by the court."
33,Corruption,13,The accused was charged with corruption under IPC section 13. Evidence strength was Weak. 1 witnesses were presented in court. Prior criminal record: Yes.,Weak,1,Yes,8,1689,Convicted,"This case involves a charge of Corruption under IPC section 13. The prosecution presented evidence considered Weak in strength with testimony from 1 witnesses. The accused had no prior criminal record. Based on the evaluation of the facts and evidence, the accused was ultimately convicted by the court."
34,Smuggling,135,The accused was charged with smuggling under IPC section 135. Evidence strength was Strong. 1 witnesses were presented in court. Prior criminal record: Yes.,Strong,1,Yes,2,5652,Convicted,"This case involves a charge of Smuggling under IPC section 135. The prosecution presented evidence considered Strong in strength with testimony from 1 witnesses. The accused had no prior criminal record. Based on the evaluation of the facts and evidence, the accused was ultimately convicted by the court."
35,Murder,302,The accused was charged with murder under IPC section 302. Evidence strength was Weak. 0 witnesses were presented in court. Prior criminal record: Yes.,Weak,0,Yes,0,0,Acquitted,"This case involves a charge of Murder under IPC section 302. The prosecution presented evidence considered Weak in strength with testimony from 0 witnesses. The accused had no prior criminal record. Based on the evaluation of the facts and evidence, the accused was acquitted due to insufficient evidence."
36,Theft,379,The accused was charged with theft under IPC section 379. Evidence strength was Strong. 1 witnesses were presented in court. Prior criminal record: No.,Strong,1,No,4,15040,Convicted,"This case involves a charge of Theft under IPC section 379. The prosecution presented evidence considered Strong in strength with testimony from 1 witnesses. The accused had no prior criminal record. Based on the evaluation of the facts and evidence, the accused was ultimately convicted by the court."
37,Sexual Assault,376,The accused was charged with sexual assault under IPC section 376. Evidence strength was Weak. 5 witnesses were presented in court. Prior criminal record: No.,Weak,5,No,19,16498,Convicted,"This case involves a charge of Sexual Assault under IPC section 376. The prosecution presented evidence considered Weak in strength with testimony from 5 witnesses. The accused had no prior criminal record. Based on the evaluation of the facts and evidence, the accused was ultimately convicted by the court."
38,Drug Possession,21,The accused was charged with drug possession under IPC section 21. Evidence strength was Weak. 0 witnesses were presented in court. Prior criminal record: Yes.,Weak,0,Yes,0,0,Acquitted,"This case involves a charge of Drug Possession under IPC section 21. The prosecution presented evidence considered Weak in strength with testimony from 0 witnesses. The accused had no prior criminal record. Based on the evaluation of the facts and evidence, the accused was acquitted due to insufficient evidence."
39,Cybercrime,66,The accused was charged with cybercrime under IPC section 66. Evidence strength was Moderate. 3 witnesses were presented in court. Prior criminal record: No.,Moderate,3,No,1,2986,Convicted,"This case involves a charge of Cybercrime under IPC section 66. The prosecution presented evidence considered Moderate in strength with testimony from 3 witnesses. The accused had no prior criminal record. Based on the evaluation of the facts and evidence, the accused was ultimately convicted by the court."
40,Drug Possession,21,The accused was charged with drug possession under IPC section 21. Evidence strength was Strong. 2 witnesses were presented in court. Prior criminal record: Yes.,Strong,2,Yes,5,13556,Convicted,"This case involves a charge of Drug Possession under IPC section 21. The prosecution presented evidence considered Strong in strength with testimony from 2 witnesses. The accused had no prior criminal record. Based on the evaluation of the facts and evidence, the accused was ultimately convicted by the court."
41,Cheating,420,The accused was charged with cheating under IPC section 420. Evidence strength was Strong. 3 witnesses were presented in court. Prior criminal record: Yes.,Strong,3,Yes,5,13025,Convicted,"This case involves a charge of Cheating under IPC section 420. The prosecution presented evidence considered Strong in strength with testimony from 3 witnesses. The accused had no prior criminal record. Based on the evaluation of the facts and evidence, the accused was ultimately convicted by the court."
42,Kidnapping,363,The accused was charged with kidnapping under IPC section 363. Evidence strength was Moderate. 1 witnesses were presented in court. Prior criminal record: Yes.,Moderate,1,Yes,0,0,Acquitted,"This case involves a charge of Kidnapping under IPC section 363. The prosecution presented evidence considered Moderate in strength with testimony from 1 witnesses. The accused had no prior criminal record. Based on the evaluation of the facts and evidence, the accused was acquitted due to insufficient evidence."
43,Sexual Assault,376,The accused was charged with sexual assault under IPC section 376. Evidence strength was Weak. 0 witnesses were presented in court. Prior criminal record: Yes.,Weak,0,Yes,19,28810,Convicted,"This case involves a charge of Sexual Assault under IPC section 376. The prosecution presented evidence considered Weak in strength with testimony from 0 witnesses. The accused had no prior criminal record. Based on the evaluation of the facts and evidence, the accused was ultimately convicted by the court."
44,Cheating,420,The accused was charged with cheating under IPC section 420. Evidence strength was Weak. 3 witnesses were presented in court. Prior criminal record: No.,Weak,3,No,0,0,Acquitted,"This case involves a charge of Cheating under IPC section 420. The prosecution presented evidence considered Weak in strength with testimony from 3 witnesses. The accused had no prior criminal record. Based on the evaluation of the facts and evidence, the accused was acquitted due to insufficient evidence."
45,Cheating,420,The accused was charged with cheating under IPC section 420. Evidence strength was Moderate. 0 witnesses were presented in court. Prior criminal record: Yes.,Moderate,0,Yes,0,0,Acquitted,"This case involves a charge of Cheating under IPC section 420. The prosecution presented evidence considered Moderate in strength with testimony from 0 witnesses. The accused had no prior criminal record. Based on the evaluation of the facts and evidence, the accused was acquitted due to insufficient evidence."
46,Murder,302,The accused was charged with murder under IPC section 302. Evidence strength was Moderate. 2 witnesses were presented in court. Prior criminal record: No.,Moderate,2,No,0,0,Acquitted,"This case involves a charge of Murder under IPC section 302. The prosecution presented evidence considered Moderate in strength with testimony from 2 witnesses. The accused had no prior criminal record. Based on the evaluation of the facts and evidence, the accused was acquitted due to insufficient evidence."
47,Drug Possession,21,The accused was charged with drug possession under IPC section 21. Evidence strength was Strong. 5 witnesses were presented in court. Prior criminal record: No.,Strong,5,No,4,13445,Convicted,"This case involves a charge of Drug Possession under IPC section 21. The prosecution presented evidence considered Strong in strength with testimony from 5 witnesses. The accused had no prior criminal record. Based on the evaluation of the facts and evidence, the accused was ultimately convicted by the court."
48,Kidnapping,363,The accused was charged with kidnapping under IPC section 363. Evidence strength was Weak. 0 witnesses were presented in court. Prior criminal record: Yes.,Weak,0,Yes,0,0,Acquitted,"This case involves a charge of Kidnapping under IPC section 363. The prosecution presented evidence considered Weak in strength with testimony from 0 witnesses. The accused had no prior criminal record. Based on the evaluation of the facts and evidence, the accused was acquitted due to insufficient evidence."
49,Murder,302,The accused was charged with murder under IPC section 302. Evidence strength was Weak. 4 witnesses were presented in court. Prior criminal record: No.,Weak,4,No,11,17640,Convicted,"This case involves a charge of Murder under IPC section 302. The prosecution presented evidence considered Weak in strength with testimony from 4 witnesses. The accused had no prior criminal record. Based on the evaluation of the facts and evidence, the accused was ultimately convicted by the court."
50,Theft,379,The accused was charged with theft under IPC section 379. Evidence strength was Weak. 0 witnesses were presented in court. Prior criminal record: Yes.,Weak,0,Yes,4,4928,Convicted,"This case involves a charge of Theft under IPC section 379. The prosecution presented evidence considered Weak in strength with testimony from 0 witnesses. The accused had no prior criminal record. Based on the evaluation of the facts and evidence, the accused was ultimately convicted by the court."
51,Smuggling,135,The accused was charged with smuggling under IPC section 135. Evidence strength was Weak. 4 witnesses were presented in court. Prior criminal record: Yes.,Weak,4,Yes,6,6372,Convicted,"This case involves a charge of Smuggling under IPC section 135. The prosecution presented evidence considered Weak in strength with testimony from 4 witnesses. The accused had no prior criminal record. Based on the evaluation of the facts and evidence, the accused was ultimately convicted by the court."
52,Drug Possession,21,The accused was charged with drug possession under IPC section 21. Evidence strength was Strong. 4 witnesses were presented in court. Prior criminal record: No.,Strong,4,No,6,14386,Convicted,"This case involves a charge of Drug Possession under IPC section 21. The prosecution presented evidence considered Strong in strength with testimony from 4 witnesses. The accused had no prior criminal record. Based on the evaluation of the facts and evidence, the accused was ultimately convicted by the court."
53,Cybercrime,66,The accused was charged with cybercrime under IPC section 66. Evidence strength was Weak. 2 witnesses were presented in court. Prior criminal record: No.,Weak,2,No,3,15982,Convicted,"This case involves a charge of Cybercrime under IPC section 66. The prosecution presented evidence considered Weak in strength with testimony from 2 witnesses. The accused had no prior criminal record. Based on the evaluation of the facts and evidence, the accused was ultimately convicted by the court."
54,Cybercrime,66,The accused was charged with cybercrime under IPC section 66. Evidence strength was Weak. 0 witnesses were presented in court. Prior criminal record: No.,Weak,0,No,1,18617,Convicted,"This case involves a charge of Cybercrime under IPC section 66. The prosecution presented evidence considered Weak in strength with testimony from 0 witnesses. The accused had no prior criminal record. Based on the evaluation of the facts and evidence, the accused was ultimately convicted by the court."
55,Cheating,420,The accused was charged with cheating under IPC section 420. Evidence strength was Strong. 2 witnesses were presented in court. Prior criminal record: Yes.,Strong,2,Yes,4,5508,Convicted,"This case involves a charge of Cheating under IPC section 420. The prosecution presented evidence considered Strong in strength with testimony from 2 witnesses. The accused had no prior criminal record. Based on the evaluation of the facts and evidence, the accused was ultimately convicted by the court."
56,Cheating,420,The accused was charged with cheating under IPC section 420. Evidence strength was Moderate. 2 witnesses were presented in court. Prior criminal record: Yes.,Moderate,2,Yes,0,0,Acquitted,"This case involves a charge of Cheating under IPC section 420. The prosecution presented evidence considered Moderate in strength with testimony from 2 witnesses. The accused had no prior criminal record. Based on the evaluation of the facts and evidence, the accused was acquitted due to insufficient evidence."
57,Sexual Assault,376,The accused was charged with sexual assault under IPC section 376. Evidence strength was Strong. 2 witnesses were presented in court. Prior criminal record: Yes.,Strong,2,Yes,17,37346,Convicted,"This case involves a charge of Sexual Assault under IPC section 376. The prosecution presented evidence considered Strong in strength with testimony from 2 witnesses. The accused had no prior criminal record. Based on the evaluation of the facts and evidence, the accused was ultimately convicted by the court."
58,Kidnapping,363,The accused was charged with kidnapping under IPC section 363. Evidence strength was Strong. 0 witnesses were presented in court. Prior criminal record: Yes.,Strong,0,Yes,7,8564,Convicted,"This case involves a charge of Kidnapping under IPC section 363. The prosecution presented evidence considered Strong in strength with testimony from 0 witnesses. The accused had no prior criminal record. Based on the evaluation of the facts and evidence, the accused was ultimately convicted by the court."
59,Theft,379,The accused was charged with theft under IPC section 379. Evidence strength was Strong. 4 witnesses were presented in court. Prior criminal record: Yes.,Strong,4,Yes,3,19465,Convicted,"This case involves a charge of Theft under IPC section 379. The prosecution presented evidence considered Strong in strength with testimony from 4 witnesses. The accused had no prior criminal record. Based on the evaluation of the facts and evidence, the accused was ultimately convicted by the court."
60,Smuggling,135,The accused was charged with smuggling under IPC section 135. Evidence strength was Weak. 5 witnesses were presented in court. Prior criminal record: No.,Weak,5,No,7,21782,Convicted,"This case involves a charge of Smuggling under IPC section 135. The prosecution presented evidence considered Weak in strength with testimony from 5 witnesses. The accused had no prior criminal record. Based on the evaluation of the facts and evidence, the accused was ultimately convicted by the court."
61,Kidnapping,363,The accused was charged with kidnapping under IPC section 363. Evidence strength was Strong. 3 witnesses were presented in court. Prior criminal record: No.,Strong,3,No,3,7048,Convicted,"This case involves a charge of Kidnapping under IPC section 363. The prosecution presented evidence considered Strong in strength with testimony from 3 witnesses. The accused had no prior criminal record. Based on the evaluation of the facts and evidence, the accused was ultimately convicted by the court."
62,Drug Possession,21,The accused was charged with drug possession under IPC section 21. Evidence strength was Moderate. 0 witnesses were presented in court. Prior criminal record: Yes.,Moderate,0,Yes,0,0,Acquitted,"This case involves a charge of Drug Possession under IPC section 21. The prosecution presented evidence considered Moderate in strength with testimony from 0 witnesses. The accused had no prior criminal record. Based on the evaluation of the facts and evidence, the accused was acquitted due to insufficient evidence."
63,Assault,323,The accused was charged with assault under IPC section 323. Evidence strength was Strong. 2 witnesses were presented in court. Prior criminal record: Yes.,Strong,2,Yes,3,37154,Convicted,"This case involves a charge of Assault under IPC section 323. The prosecution presented evidence considered Strong in strength with testimony from 2 witnesses. The accused had no prior criminal record. Based on the evaluation of the facts and evidence, the accused was ultimately convicted by the court."
64,Drug Possession,21,The accused was charged with drug possession under IPC section 21. Evidence strength was Strong. 0 witnesses were presented in court. Prior criminal record: Yes.,Strong,0,Yes,3,46286,Convicted,"This case involves a charge of Drug Possession under IPC section 21. The prosecution presented evidence considered Strong in strength with testimony from 0 witnesses. The accused had no prior criminal record. Based on the evaluation of the facts and evidence, the accused was ultimately convicted by the court."
65,Assault,323,The accused was charged with assault under IPC section 323. Evidence strength was Strong. 0 witnesses were presented in court. Prior criminal record: No.,Strong,0,No,1,29166,Convicted,"This case involves a charge of Assault under IPC section 323. The prosecution presented evidence considered Strong in strength with testimony from 0 witnesses. The accused had no prior criminal record. Based on the evaluation of the facts and evidence, the accused was ultimately convicted by the court."
66,Assault,323,The accused was charged with assault under IPC section 323. Evidence strength was Weak. 2 witnesses were presented in court. Prior criminal record: No.,Weak,2,No,2,7883,Convicted,"This case involves a charge of Assault under IPC section 323. The prosecution presented evidence considered Weak in strength with testimony from 2 witnesses. The accused had no prior criminal record. Based on the evaluation of the facts and evidence, the accused was ultimately convicted by the court."
67,Cheating,420,The accused was charged with cheating under IPC section 420. Evidence strength was Strong. 0 witnesses were presented in court. Prior criminal record: No.,Strong,0,No,6,27632,Convicted,"This case involves a charge of Cheating under IPC section 420. The prosecution presented evidence considered Strong in strength with testimony from 0 witnesses. The accused had no prior criminal record. Based on the evaluation of the facts and evidence, the accused was ultimately convicted by the court."
68,Smuggling,135,The accused was charged with smuggling under IPC section 135. Evidence strength was Strong. 1 witnesses were presented in court. Prior criminal record: Yes.,Strong,1,Yes,8,11649,Convicted,"This case involves a charge of Smuggling under IPC section 135. The prosecution presented evidence considered Strong in strength with testimony from 1 witnesses. The accused had no prior criminal record. Based on the evaluation of the facts and evidence, the accused was ultimately convicted by the court."
69,Assault,323,The accused was charged with assault under IPC section 323. Evidence strength was Moderate. 0 witnesses were presented in court. Prior criminal record: Yes.,Moderate,0,Yes,0,0,Acquitted,"This case involves a charge of Assault under IPC section 323. The prosecution presented evidence considered Moderate in strength with testimony from 0 witnesses. The accused had no prior criminal record. Based on the evaluation of the facts and evidence, the accused was acquitted due to insufficient evidence."
70,Drug Possession,21,The accused was charged with drug possession under IPC section 21. Evidence strength was Strong. 5 witnesses were presented in court. Prior criminal record: Yes.,Strong,5,Yes,6,11433,Convicted,"This case involves a charge of Drug Possession under IPC section 21. The prosecution presented evidence considered Strong in strength with testimony from 5 witnesses. The accused had no prior criminal record. Based on the evaluation of the facts and evidence, the accused was ultimately convicted by the court."
71,Theft,379,The accused was charged with theft under IPC section 379. Evidence strength was Moderate. 0 witnesses were presented in court. Prior criminal record: No.,Moderate,0,No,2,27757,Convicted,"This case involves a charge of Theft under IPC section 379. The prosecution presented evidence considered Moderate in strength with testimony from 0 witnesses. The accused had no prior criminal record. Based on the evaluation of the facts and evidence, the accused was ultimately convicted by the court."
72,Corruption,13,The accused was charged with corruption under IPC section 13. Evidence strength was Moderate. 2 witnesses were presented in court. Prior criminal record: Yes.,Moderate,2,Yes,3,22627,Convicted,"This case involves a charge of Corruption under IPC section 13. The prosecution presented evidence considered Moderate in strength with testimony from 2 witnesses. The accused had no prior criminal record. Based on the evaluation of the facts and evidence, the accused was ultimately convicted by the court."
73,Cheating,420,The accused was charged with cheating under IPC section 420. Evidence strength was Moderate. 2 witnesses were presented in court. Prior criminal record: No.,Moderate,2,No,4,12506,Convicted,"This case involves a charge of Cheating under IPC section 420. The prosecution presented evidence considered Moderate in strength with testimony from 2 witnesses. The accused had no prior criminal record. Based on the evaluation of the facts and evidence, the accused was ultimately convicted by the court."
74,Sexual Assault,376,The accused was charged with sexual assault under IPC section 376. Evidence strength was Moderate. 5 witnesses were presented in court. Prior criminal record: No.,Moderate,5,No,8,29738,Convicted,"This case involves a charge of Sexual Assault under IPC section 376. The prosecution presented evidence considered Moderate in strength with testimony from 5 witnesses. The accused had no prior criminal record. Based on the evaluation of the facts and evidence, the accused was ultimately convicted by the court."
75,Kidnapping,363,The accused was charged with kidnapping under IPC section 363. Evidence strength was Weak. 4 witnesses were presented in court. Prior criminal record: No.,Weak,4,No,4,20548,Convicted,"This case involves a charge of Kidnapping under IPC section 363. The prosecution presented evidence considered Weak in strength with testimony from 4 witnesses. The accused had no prior criminal record. Based on the evaluation of the facts and evidence, the accused was ultimately convicted by the court."
76,Drug Possession,21,The accused was charged with drug possession under IPC section 21. Evidence strength was Moderate. 5 witnesses were presented in court. Prior criminal record: No.,Moderate,5,No,0,0,Acquitted,"This case involves a charge of Drug Possession under IPC section 21. The prosecution presented evidence considered Moderate in strength with testimony from 5 witnesses. The accused had no prior criminal record. Based on the evaluation of the facts and evidence, the accused was acquitted due to insufficient evidence."
77,Smuggling,135,The accused was charged with smuggling under IPC section 135. Evidence strength was Strong. 0 witnesses were presented in court. Prior criminal record: No.,Strong,0,No,6,13457,Convicted,"This case involves a charge of Smuggling under IPC section 135. The prosecution presented evidence considered Strong in strength with testimony from 0 witnesses. The accused had no prior criminal record. Based on the evaluation of the facts and evidence, the accused was ultimately convicted by the court."
78,Kidnapping,363,The accused was charged with kidnapping under IPC section 363. Evidence strength was Weak. 5 witnesses were presented in court. Prior criminal record: No.,Weak,5,No,6,12934,Convicted,"This case involves a charge of Kidnapping under IPC section 363. The prosecution presented evidence considered Weak in strength with testimony from 5 witnesses. The accused had no prior criminal record. Based on the evaluation of the facts and evidence, the accused was ultimately convicted by the court."
79,Drug Possession,21,The accused was charged with drug possession under IPC section 21. Evidence strength was Weak. 5 witnesses were presented in court. Prior criminal record: No.,Weak,5,No,0,0,Acquitted,"This case involves a charge of Drug Possession under IPC section 21. The prosecution presented evidence considered Weak in strength with testimony from 5 witnesses. The accused had no prior criminal record. Based on the evaluation of the facts and evidence, the accused was acquitted due to insufficient evidence."
80,Theft,379,The accused was charged with theft under IPC section 379. Evidence strength was Strong. 2 witnesses were presented in court. Prior criminal record: No.,Strong,2,No,4,22376,Convicted,"This case involves a charge of Theft under IPC section 379. The prosecution presented evidence considered Strong in strength with testimony from 2 witnesses. The accused had no prior criminal record. Based on the evaluation of the facts and evidence, the accused was ultimately convicted by the court."
81,Drug Possession,21,The accused was charged with drug possession under IPC section 21. Evidence strength was Strong. 2 witnesses were presented in court. Prior criminal record: Yes.,Strong,2,Yes,5,28554,Convicted,"This case involves a charge of Drug Possession under IPC section 21. The prosecution presented evidence considered Strong in strength with testimony from 2 witnesses. The accused had no prior criminal record. Based on the evaluation of the facts and evidence, the accused was ultimately convicted by the court."
82,Drug Possession,21,The accused was charged with drug possession under IPC section 21. Evidence strength was Strong. 5 witnesses were presented in court. Prior criminal record: Yes.,Strong,5,Yes,6,27612,Convicted,"This case involves a charge of Drug Possession under IPC section 21. The prosecution presented evidence considered Strong in strength with testimony from 5 witnesses. The accused had no prior criminal record. Based on the evaluation of the facts and evidence, the accused was ultimately convicted by the court."
83,Sexual Assault,376,The accused was charged with sexual assault under IPC section 376. Evidence strength was Weak. 2 witnesses were presented in court. Prior criminal record: No.,Weak,2,No,13,26747,Convicted,"This case involves a charge of Sexual Assault under IPC section 376. The prosecution presented evidence considered Weak in strength with testimony from 2 witnesses. The accused had no prior criminal record. Based on the evaluation of the facts and evidence, the accused was ultimately convicted by the court."
84,Smuggling,135,The accused was charged with smuggling under IPC section 135. Evidence strength was Strong. 5 witnesses were presented in court. Prior criminal record: No.,Strong,5,No,5,29952,Convicted,"This case involves a charge of Smuggling under IPC section 135. The prosecution presented evidence considered Strong in strength with testimony from 5 witnesses. The accused had no prior criminal record. Based on the evaluation of the facts and evidence, the accused was ultimately convicted by the court."
85,Corruption,13,The accused was charged with corruption under IPC section 13. Evidence strength was Strong. 1 witnesses were presented in court. Prior criminal record: No.,Strong,1,No,5,44178,Convicted,"This case involves a charge of Corruption under IPC section 13. The prosecution presented evidence considered Strong in strength with testimony from 1 witnesses. The accused had no prior criminal record. Based on the evaluation of the facts and evidence, the accused was ultimately convicted by the court."
86,Theft,379,The accused was charged with theft under IPC section 379. Evidence strength was Moderate. 4 witnesses were presented in court. Prior criminal record: No.,Moderate,4,No,2,23046,Convicted,"This case involves a charge of Theft under IPC section 379. The prosecution presented evidence considered Moderate in strength with testimony from 4 witnesses. The accused had no prior criminal record. Based on the evaluation of the facts and evidence, the accused was ultimately convicted by the court."
87,Kidnapping,363,The accused was charged with kidnapping under IPC section 363. Evidence strength was Weak. 1 witnesses were presented in court. Prior criminal record: Yes.,Weak,1,Yes,3,9023,Convicted,"This case involves a charge of Kidnapping under IPC section 363. The prosecution presented evidence considered Weak in strength with testimony from 1 witnesses. The accused had no prior criminal record. Based on the evaluation of the facts and evidence, the accused was ultimately convicted by the court."
88,Corruption,13,The accused was charged with corruption under IPC section 13. Evidence strength was Strong. 0 witnesses were presented in court. Prior criminal record: No.,Strong,0,No,9,42272,Convicted,"This case involves a charge of Corruption under IPC section 13. The prosecution presented evidence considered Strong in strength with testimony from 0 witnesses. The accused had no prior criminal record. Based on the evaluation of the facts and evidence, the accused was ultimately convicted by the court."
89,Smuggling,135,The accused was charged with smuggling under IPC section 135. Evidence strength was Weak. 5 witnesses were presented in court. Prior criminal record: No.,Weak,5,No,0,0,Acquitted,"This case involves a charge of Smuggling under IPC section 135. The prosecution presented evidence considered Weak in strength with testimony from 5 witnesses. The accused had no prior criminal record. Based on the evaluation of the facts and evidence, the accused was acquitted due to insufficient evidence."
90,Drug Possession,21,The accused was charged with drug possession under IPC section 21. Evidence strength was Weak. 1 witnesses were presented in court. Prior criminal record: Yes.,Weak,1,Yes,8,8170,Convicted,"This case involves a charge of Drug Possession under IPC section 21. The prosecution presented evidence considered Weak in strength with testimony from 1 witnesses. The accused had no prior criminal record. Based on the evaluation of the facts and evidence, the accused was ultimately convicted by the court."
91,Assault,323,The accused was charged with assault under IPC section 323. Evidence strength was Strong. 4 witnesses were presented in court. Prior criminal record: No.,Strong,4,No,0,37530,Convicted,"This case involves a charge of Assault under IPC section 323. The prosecution presented evidence considered Strong in strength with testimony from 4 witnesses. The accused had no prior criminal record. Based on the evaluation of the facts and evidence, the accused was ultimately convicted by the court."
92,Cheating,420,The accused was charged with cheating under IPC section 420. Evidence strength was Weak. 3 witnesses were presented in court. Prior criminal record: Yes.,Weak,3,Yes,5,44750,Convicted,"This case involves a charge of Cheating under IPC section 420. The prosecution presented evidence considered Weak in strength with testimony from 3 witnesses. The accused had no prior criminal record. Based on the evaluation of the facts and evidence, the accused was ultimately convicted by the court."
93,Sexual Assault,376,The accused was charged with sexual assault under IPC section 376. Evidence strength was Strong. 4 witnesses were presented in court. Prior criminal record: No.,Strong,4,No,19,30004,Convicted,"This case involves a charge of Sexual Assault under IPC section 376. The prosecution presented evidence considered Strong in strength with testimony from 4 witnesses. The accused had no prior criminal record. Based on the evaluation of the facts and evidence, the accused was ultimately convicted by the court."
94,Smuggling,135,The accused was charged with smuggling under IPC section 135. Evidence strength was Strong. 4 witnesses were presented in court. Prior criminal record: No.,Strong,4,No,8,36905,Convicted,"This case involves a charge of Smuggling under IPC section 135. The prosecution presented evidence considered Strong in strength with testimony from 4 witnesses. The accused had no prior criminal record. Based on the evaluation of the facts and evidence, the accused was ultimately convicted by the court."
95,Corruption,13,The accused was charged with corruption under IPC section 13. Evidence strength was Weak. 5 witnesses were presented in court. Prior criminal record: No.,Weak,5,No,0,0,Acquitted,"This case involves a charge of Corruption under IPC section 13. The prosecution presented evidence considered Weak in strength with testimony from 5 witnesses. The accused had no prior criminal record. Based on the evaluation of the facts and evidence, the accused was acquitted due to insufficient evidence."
96,Kidnapping,363,The accused was charged with kidnapping under IPC section 363. Evidence strength was Weak. 5 witnesses were presented in court. Prior criminal record: No.,Weak,5,No,0,0,Acquitted,"This case involves a charge of Kidnapping under IPC section 363. The prosecution presented evidence considered Weak in strength with testimony from 5 witnesses. The accused had no prior criminal record. Based on the evaluation of the facts and evidence, the accused was acquitted due to insufficient evidence."
97,Cheating,420,The accused was charged with cheating under IPC section 420. Evidence strength was Moderate. 3 witnesses were presented in court. Prior criminal record: Yes.,Moderate,3,Yes,7,19725,Convicted,"This case involves a charge of Cheating under IPC section 420. The prosecution presented evidence considered Moderate in strength with testimony from 3 witnesses. The accused had no prior criminal record. Based on the evaluation of the facts and evidence, the accused was ultimately convicted by the court."
98,Cheating,420,The accused was charged with cheating under IPC section 420. Evidence strength was Moderate. 2 witnesses were presented in court. Prior criminal record: No.,Moderate,2,No,3,5942,Convicted,"This case involves a charge of Cheating under IPC section 420. The prosecution presented evidence considered Moderate in strength with testimony from 2 witnesses. The accused had no prior criminal record. Based on the evaluation of the facts and evidence, the accused was ultimately convicted by the court."
99,Cheating,420,The accused was charged with cheating under IPC section 420. Evidence strength was Moderate. 5 witnesses were presented in court. Prior criminal record: Yes.,Moderate,5,Yes,7,15021,Convicted,"This case involves a charge of Cheating under IPC section 420. The prosecution presented evidence considered Moderate in strength with testimony from 5 witnesses. The accused had no prior criminal record. Based on the evaluation of the facts and evidence, the accused was ultimately convicted by the court."
100,Theft,379,The accused was charged with theft under IPC section 379. Evidence strength was Moderate. 3 witnesses were presented in court. Prior criminal record: No.,Moderate,3,No,0,0,Acquitted,"This case involves a charge of Theft under IPC section 379. The prosecution presented evidence considered Moderate in strength with testimony from 3 witnesses. The accused had no prior criminal record. Based on the evaluation of the facts and evidence, the accused was acquitted due to insufficient evidence."
101,Drug Possession,21,The accused was charged with drug possession under IPC section 21. Evidence strength was Weak. 1 witnesses were presented in court. Prior criminal record: No.,Weak,1,No,0,0,Acquitted,"This case involves a charge of Drug Possession under IPC section 21. The prosecution presented evidence considered Weak in strength with testimony from 1 witnesses. The accused had no prior criminal record. Based on the evaluation of the facts and evidence, the accused was acquitted due to insufficient evidence."
102,Smuggling,135,The accused was charged with smuggling under IPC section 135. Evidence strength was Strong. 0 witnesses were presented in court. Prior criminal record: No.,Strong,0,No,5,1386,Convicted,"This case involves a charge of Smuggling under IPC section 135. The prosecution presented evidence considered Strong in strength with testimony from 0 witnesses. The accused had no prior criminal record. Based on the evaluation of the facts and evidence, the accused was ultimately convicted by the court."
103,Cybercrime,66,The accused was charged with cybercrime under IPC section 66. Evidence strength was Moderate. 3 witnesses were presented in court. Prior criminal record: No.,Moderate,3,No,4,8190,Convicted,"This case involves a charge of Cybercrime under IPC section 66. The prosecution presented evidence considered Moderate in strength with testimony from 3 witnesses. The accused had no prior criminal record. Based on the evaluation of the facts and evidence, the accused was ultimately convicted by the court."
104,Kidnapping,363,The accused was charged with kidnapping under IPC section 363. Evidence strength was Moderate. 3 witnesses were presented in court. Prior criminal record: Yes.,Moderate,3,Yes,9,23028,Convicted,"This case involves a charge of Kidnapping under IPC section 363. The prosecution presented evidence considered Moderate in strength with testimony from 3 witnesses. The accused had no prior criminal record. Based on the evaluation of the facts and evidence, the accused was ultimately convicted by the court."
105,Drug Possession,21,The accused was charged with drug possession under IPC section 21. Evidence strength was Strong. 1 witnesses were presented in court. Prior criminal record: No.,Strong,1,No,4,41780,Convicted,"This case involves a charge of Drug Possession under IPC section 21. The prosecution presented evidence considered Strong in strength with testimony from 1 witnesses. The accused had no prior criminal record. Based on the evaluation of the facts and evidence, the accused was ultimately convicted by the court."
106,Sexual Assault,376,The accused was charged with sexual assault under IPC section 376. Evidence strength was Weak. 3 witnesses were presented in court. Prior criminal record: Yes.,Weak,3,Yes,8,43123,Convicted,"This case involves a charge of Sexual Assault under IPC section 376. The prosecution presented evidence considered Weak in strength with testimony from 3 witnesses. The accused had no prior criminal record. Based on the evaluation of the facts and evidence, the accused was ultimately convicted by the court."
107,Drug Possession,21,The accused was charged with drug possession under IPC section 21. Evidence strength was Weak. 3 witnesses were presented in court. Prior criminal record: Yes.,Weak,3,Yes,2,18049,Convicted,"This case involves a charge of Drug Possession under IPC section 21. The prosecution presented evidence considered Weak in strength with testimony from 3 witnesses. The accused had no prior criminal record. Based on the evaluation of the facts and evidence, the accused was ultimately convicted by the court."
108,Drug Possession,21,The accused was charged with drug possession under IPC section 21. Evidence strength was Moderate. 1 witnesses were presented in court. Prior criminal record: No.,Moderate,1,No,0,0,Acquitted,"This case involves a charge of Drug Possession under IPC section 21. The prosecution presented evidence considered Moderate in strength with testimony from 1 witnesses. The accused had no prior criminal record. Based on the evaluation of the facts and evidence, the accused was acquitted due to insufficient evidence."
109,Cybercrime,66,The accused was charged with cybercrime under IPC section 66. Evidence strength was Moderate. 2 witnesses were presented in court. Prior criminal record: No.,Moderate,2,No,0,0,Acquitted,"This case involves a charge of Cybercrime under IPC section 66. The prosecution presented evidence considered Moderate in strength with testimony from 2 witnesses. The accused had no prior criminal record. Based on the evaluation of the facts and evidence, the accused was acquitted due to insufficient evidence."
110,Theft,379,The accused was charged with theft under IPC section 379. Evidence strength was Moderate. 0 witnesses were presented in court. Prior criminal record: Yes.,Moderate,0,Yes,0,0,Acquitted,"This case involves a charge of Theft under IPC section 379. The prosecution presented evidence considered Moderate in strength with testimony from 0 witnesses. The accused had no prior criminal record. Based on the evaluation of the facts and evidence, the accused was acquitted due to insufficient evidence."
111,Cheating,420,The accused was charged with cheating under IPC section 420. Evidence strength was Strong. 0 witnesses were presented in court. Prior criminal record: Yes.,Strong,0,Yes,2,17205,Convicted,"This case involves a charge of Cheating under IPC section 420. The prosecution presented evidence considered Strong in strength with testimony from 0 witnesses. The accused had no prior criminal record. Based on the evaluation of the facts and evidence, the accused was ultimately convicted by the court."
112,Cheating,420,The accused was charged with cheating under IPC section 420. Evidence strength was Weak. 4 witnesses were presented in court. Prior criminal record: Yes.,Weak,4,Yes,3,9272,Convicted,"This case involves a charge of Cheating under IPC section 420. The prosecution presented evidence considered Weak in strength with testimony from 4 witnesses. The accused had no prior criminal record. Based on the evaluation of the facts and evidence, the accused was ultimately convicted by the court."
113,Corruption,13,The accused was charged with corruption under IPC section 13. Evidence strength was Strong. 0 witnesses were presented in court. Prior criminal record: Yes.,Strong,0,Yes,10,46840,Convicted,"This case involves a charge of Corruption under IPC section 13. The prosecution presented evidence considered Strong in strength with testimony from 0 witnesses. The accused had no prior criminal record. Based on the evaluation of the facts and evidence, the accused was ultimately convicted by the court."
114,Kidnapping,363,The accused was charged with kidnapping under IPC section 363. Evidence strength was Moderate. 1 witnesses were presented in court. Prior criminal record: Yes.,Moderate,1,Yes,7,4542,Convicted,"This case involves a charge of Kidnapping under IPC section 363. The prosecution presented evidence considered Moderate in strength with testimony from 1 witnesses. The accused had no prior criminal record. Based on the evaluation of the facts and evidence, the accused was ultimately convicted by the court."
115,Smuggling,135,The accused was charged with smuggling under IPC section 135. Evidence strength was Weak. 2 witnesses were presented in court. Prior criminal record: No.,Weak,2,No,0,0,Acquitted,"This case involves a charge of Smuggling under IPC section 135. The prosecution presented evidence considered Weak in strength with testimony from 2 witnesses. The accused had no prior criminal record. Based on the evaluation of the facts and evidence, the accused was acquitted due to insufficient evidence."
116,Cheating,420,The accused was charged with cheating under IPC section 420. Evidence strength was Weak. 4 witnesses were presented in court. Prior criminal record: Yes.,Weak,4,Yes,2,46691,Convicted,"This case involves a charge of Cheating under IPC section 420. The prosecution presented evidence considered Weak in strength with testimony from 4 witnesses. The accused had no prior criminal record. Based on the evaluation of the facts and evidence, the accused was ultimately convicted by the court."
117,Kidnapping,363,The accused was charged with kidnapping under IPC section 363. Evidence strength was Strong. 4 witnesses were presented in court. Prior criminal record: Yes.,Strong,4,Yes,3,23754,Convicted,"This case involves a charge of Kidnapping under IPC section 363. The prosecution presented evidence considered Strong in strength with testimony from 4 witnesses. The accused had no prior criminal record. Based on the evaluation of the facts and evidence, the accused was ultimately convicted by the court."
118,Sexual Assault,376,The accused was charged with sexual assault under IPC section 376. Evidence strength was Moderate. 5 witnesses were presented in court. Prior criminal record: No.,Moderate,5,No,15,22218,Convicted,"This case involves a charge of Sexual Assault under IPC section 376. The prosecution presented evidence considered Moderate in strength with testimony from 5 witnesses. The accused had no prior criminal record. Based on the evaluation of the facts and evidence, the accused was ultimately convicted by the court."
119,Cybercrime,66,The accused was charged with cybercrime under IPC section 66. Evidence strength was Weak. 3 witnesses were presented in court. Prior criminal record: No.,Weak,3,No,4,12868,Convicted,"This case involves a charge of Cybercrime under IPC section 66. The prosecution presented evidence considered Weak in strength with testimony from 3 witnesses. The accused had no prior criminal record. Based on the evaluation of the facts and evidence, the accused was ultimately convicted by the court."
120,Corruption,13,The accused was charged with corruption under IPC section 13. Evidence strength was Strong. 1 witnesses were presented in court. Prior criminal record: No.,Strong,1,No,5,49090,Convicted,"This case involves a charge of Corruption under IPC section 13. The prosecution presented evidence considered Strong in strength with testimony from 1 witnesses. The accused had no prior criminal record. Based on the evaluation of the facts and evidence, the accused was ultimately convicted by the court."
121,Sexual Assault,376,The accused was charged with sexual assault under IPC section 376. Evidence strength was Strong. 2 witnesses were presented in court. Prior criminal record: No.,Strong,2,No,14,29545,Convicted,"This case involves a charge of Sexual Assault under IPC section 376. The prosecution presented evidence considered Strong in strength with testimony from 2 witnesses. The accused had no prior criminal record. Based on the evaluation of the facts and evidence, the accused was ultimately convicted by the court."
122,Smuggling,135,The accused was charged with smuggling under IPC section 135. Evidence strength was Moderate. 2 witnesses were presented in court. Prior criminal record: Yes.,Moderate,2,Yes,4,29889,Convicted,"This case involves a charge of Smuggling under IPC section 135. The prosecution presented evidence considered Moderate in strength with testimony from 2 witnesses. The accused had no prior criminal record. Based on the evaluation of the facts and evidence, the accused was ultimately convicted by the court."
123,Corruption,13,The accused was charged with corruption under IPC section 13. Evidence strength was Weak. 3 witnesses were presented in court. Prior criminal record: No.,Weak,3,No,0,0,Acquitted,"This case involves a charge of Corruption under IPC section 13. The prosecution presented evidence considered Weak in strength with testimony from 3 witnesses. The accused had no prior criminal record. Based on the evaluation of the facts and evidence, the accused was acquitted due to insufficient evidence."
124,Murder,302,The accused was charged with murder under IPC section 302. Evidence strength was Moderate. 2 witnesses were presented in court. Prior criminal record: Yes.,Moderate,2,Yes,0,0,Acquitted,"This case involves a charge of Murder under IPC section 302. The prosecution presented evidence considered Moderate in strength with testimony from 2 witnesses. The accused had no prior criminal record. Based on the evaluation of the facts and evidence, the accused was acquitted due to insufficient evidence."
125,Cheating,420,The accused was charged with cheating under IPC section 420. Evidence strength was Moderate. 2 witnesses were presented in court. Prior criminal record: No.,Moderate,2,No,0,0,Acquitted,"This case involves a charge of Cheating under IPC section 420. The prosecution presented evidence considered Moderate in strength with testimony from 2 witnesses. The accused had no prior criminal record. Based on the evaluation of the facts and evidence, the accused was acquitted due to insufficient evidence."
126,Smuggling,135,The accused was charged with smuggling under IPC section 135. Evidence strength was Strong. 2 witnesses were presented in court. Prior criminal record: Yes.,Strong,2,Yes,6,13521,Convicted,"This case involves a charge of Smuggling under IPC section 135. The prosecution presented evidence considered Strong in strength with testimony from 2 witnesses. The accused had no prior criminal record. Based on the evaluation of the facts and evidence, the accused was ultimately convicted by the court."
127,Theft,379,The accused was charged with theft under IPC section 379. Evidence strength was Weak. 5 witnesses were presented in court. Prior criminal record: No.,Weak,5,No,0,0,Acquitted,"This case involves a charge of Theft under IPC section 379. The prosecution presented evidence considered Weak in strength with testimony from 5 witnesses. The accused had no prior criminal record. Based on the evaluation of the facts and evidence, the accused was acquitted due to insufficient evidence."
128,Sexual Assault,376,The accused was charged with sexual assault under IPC section 376. Evidence strength was Weak. 5 witnesses were presented in court. Prior criminal record: No.,Weak,5,No,0,0,Acquitted,"This case involves a charge of Sexual Assault under IPC section 376. The prosecution presented evidence considered Weak in strength with testimony from 5 witnesses. The accused had no prior criminal record. Based on the evaluation of the facts and evidence, the accused was acquitted due to insufficient evidence."
129,Corruption,13,The accused was charged with corruption under IPC section 13. Evidence strength was Weak. 0 witnesses were presented in court. Prior criminal record: No.,Weak,0,No,9,23668,Convicted,"This case involves a charge of Corruption under IPC section 13. The prosecution presented evidence considered Weak in strength with testimony from 0 witnesses. The accused had no prior criminal record. Based on the evaluation of the facts and evidence, the accused was ultimately convicted by the court."
130,Cheating,420,The accused was charged with cheating under IPC section 420. Evidence strength was Moderate. 5 witnesses were presented in court. Prior criminal record: No.,Moderate,5,No,0,0,Acquitted,"This case involves a charge of Cheating under IPC section 420. The prosecution presented evidence considered Moderate in strength with testimony from 5 witnesses. The accused had no prior criminal record. Based on the evaluation of the facts and evidence, the accused was acquitted due to insufficient evidence."
131,Sexual Assault,376,The accused was charged with sexual assault under IPC section 376. Evidence strength was Strong. 2 witnesses were presented in court. Prior criminal record: No.,Strong,2,No,18,37070,Convicted,"This case involves a charge of Sexual Assault under IPC section 376. The prosecution presented evidence considered Strong in strength with testimony from 2 witnesses. The accused had no prior criminal record. Based on the evaluation of the facts and evidence, the accused was ultimately convicted by the court."
132,Cybercrime,66,The accused was charged with cybercrime under IPC section 66. Evidence strength was Moderate. 5 witnesses were presented in court. Prior criminal record: No.,Moderate,5,No,0,0,Acquitted,"This case involves a charge of Cybercrime under IPC section 66. The prosecution presented evidence considered Moderate in strength with testimony from 5 witnesses. The accused had no prior criminal record. Based on the evaluation of the facts and evidence, the accused was acquitted due to insufficient evidence."
133,Kidnapping,363,The accused was charged with kidnapping under IPC section 363. Evidence strength was Moderate. 1 witnesses were presented in court. Prior criminal record: Yes.,Moderate,1,Yes,8,4917,Convicted,"This case involves a charge of Kidnapping under IPC section 363. The prosecution presented evidence considered Moderate in strength with testimony from 1 witnesses. The accused had no prior criminal record. Based on the evaluation of the facts and evidence, the accused was ultimately convicted by the court."
134,Sexual Assault,376,The accused was charged with sexual assault under IPC section 376. Evidence strength was Strong. 1 witnesses were presented in court. Prior criminal record: Yes.,Strong,1,Yes,10,49405,Convicted,"This case involves a charge of Sexual Assault under IPC section 376. The prosecution presented evidence considered Strong in strength with testimony from 1 witnesses. The accused had no prior criminal record. Based on the evaluation of the facts and evidence, the accused was ultimately convicted by the court."
135,Corruption,13,The accused was charged with corruption under IPC section 13. Evidence strength was Moderate. 5 witnesses were presented in court. Prior criminal record: No.,Moderate,5,No,6,10707,Convicted,"This case involves a charge of Corruption under IPC section 13. The prosecution presented evidence considered Moderate in strength with testimony from 5 witnesses. The accused had no prior criminal record. Based on the evaluation of the facts and evidence, the accused was ultimately convicted by the court."
136,Cheating,420,The accused was charged with cheating under IPC section 420. Evidence strength was Moderate. 1 witnesses were presented in court. Prior criminal record: No.,Moderate,1,No,7,18502,Convicted,"This case involves a charge of Cheating under IPC section 420. The prosecution presented evidence considered Moderate in strength with testimony from 1 witnesses. The accused had no prior criminal record. Based on the evaluation of the facts and evidence, the accused was ultimately convicted by the court."
137,Assault,323,The accused was charged with assault under IPC section 323. Evidence strength was Moderate. 0 witnesses were presented in court. Prior criminal record: Yes.,Moderate,0,Yes,0,0,Acquitted,"This case involves a charge of Assault under IPC section 323. The prosecution presented evidence considered Moderate in strength with testimony from 0 witnesses. The accused had no prior criminal record. Based on the evaluation of the facts and evidence, the accused was acquitted due to insufficient evidence."
138,Assault,323,The accused was charged with assault under IPC section 323. Evidence strength was Strong. 3 witnesses were presented in court. Prior criminal record: Yes.,Strong,3,Yes,0,38621,Convicted,"This case involves a charge of Assault under IPC section 323. The prosecution presented evidence considered Strong in strength with testimony from 3 witnesses. The accused had no prior criminal record. Based on the evaluation of the facts and evidence, the accused was ultimately convicted by the court."
139,Kidnapping,363,The accused was charged with kidnapping under IPC section 363. Evidence strength was Moderate. 3 witnesses were presented in court. Prior criminal record: No.,Moderate,3,No,0,0,Acquitted,"This case involves a charge of Kidnapping under IPC section 363. The prosecution presented evidence considered Moderate in strength with testimony from 3 witnesses. The accused had no prior criminal record. Based on the evaluation of the facts and evidence, the accused was acquitted due to insufficient evidence."
140,Assault,323,The accused was charged with assault under IPC section 323. Evidence strength was Weak. 2 witnesses were presented in court. Prior criminal record: No.,Weak,2,No,0,14130,Convicted,"This case involves a charge of Assault under IPC section 323. The prosecution presented evidence considered Weak in strength with testimony from 2 witnesses. The accused had no prior criminal record. Based on the evaluation of the facts and evidence, the accused was ultimately convicted by the court."
141,Corruption,13,The accused was charged with corruption under IPC section 13. Evidence strength was Weak. 4 witnesses were presented in court. Prior criminal record: Yes.,Weak,4,Yes,5,10777,Convicted,"This case involves a charge of Corruption under IPC section 13. The prosecution presented evidence considered Weak in strength with testimony from 4 witnesses. The accused had no prior criminal record. Based on the evaluation of the facts and evidence, the accused was ultimately convicted by the court."
142,Smuggling,135,The accused was charged with smuggling under IPC section 135. Evidence strength was Moderate. 0 witnesses were presented in court. Prior criminal record: Yes.,Moderate,0,Yes,6,26049,Convicted,"This case involves a charge of Smuggling under IPC section 135. The prosecution presented evidence considered Moderate in strength with testimony from 0 witnesses. The accused had no prior criminal record. Based on the evaluation of the facts and evidence, the accused was ultimately convicted by the court."
143,Drug Possession,21,The accused was charged with drug possession under IPC section 21. Evidence strength was Strong. 4 witnesses were presented in court. Prior criminal record: Yes.,Strong,4,Yes,10,25928,Convicted,"This case involves a charge of Drug Possession under IPC section 21. The prosecution presented evidence considered Strong in strength with testimony from 4 witnesses. The accused had no prior criminal record. Based on the evaluation of the facts and evidence, the accused was ultimately convicted by the court."
144,Corruption,13,The accused was charged with corruption under IPC section 13. Evidence strength was Moderate. 2 witnesses were presented in court. Prior criminal record: No.,Moderate,2,No,0,0,Acquitted,"This case involves a charge of Corruption under IPC section 13. The prosecution presented evidence considered Moderate in strength with testimony from 2 witnesses. The accused had no prior criminal record. Based on the evaluation of the facts and evidence, the accused was acquitted due to insufficient evidence."
145,Smuggling,135,The accused was charged with smuggling under IPC section 135. Evidence strength was Strong. 0 witnesses were presented in court. Prior criminal record: Yes.,Strong,0,Yes,8,14617,Convicted,"This case involves a charge of Smuggling under IPC section 135. The prosecution presented evidence considered Strong in strength with testimony from 0 witnesses. The accused had no prior criminal record. Based on the evaluation of the facts and evidence, the accused was ultimately convicted by the court."
146,Cheating,420,The accused was charged with cheating under IPC section 420. Evidence strength was Moderate. 5 witnesses were presented in court. Prior criminal record: Yes.,Moderate,5,Yes,3,16719,Convicted,"This case involves a charge of Cheating under IPC section 420. The prosecution presented evidence considered Moderate in strength with testimony from 5 witnesses. The accused had no prior criminal record. Based on the evaluation of the facts and evidence, the accused was ultimately convicted by the court."
147,Assault,323,The accused was charged with assault under IPC section 323. Evidence strength was Strong. 0 witnesses were presented in court. Prior criminal record: Yes.,Strong,0,Yes,0,27772,Convicted,"This case involves a charge of Assault under IPC section 323. The prosecution presented evidence considered Strong in strength with testimony from 0 witnesses. The accused had no prior criminal record. Based on the evaluation of the facts and evidence, the accused was ultimately convicted by the court."
148,Corruption,13,The accused was charged with corruption under IPC section 13. Evidence strength was Strong. 4 witnesses were presented in court. Prior criminal record: No.,Strong,4,No,7,3139,Convicted,"This case involves a charge of Corruption under IPC section 13. The prosecution presented evidence considered Strong in strength with testimony from 4 witnesses. The accused had no prior criminal record. Based on the evaluation of the facts and evidence, the accused was ultimately convicted by the court."
149,Cheating,420,The accused was charged with cheating under IPC section 420. Evidence strength was Moderate. 5 witnesses were presented in court. Prior criminal record: No.,Moderate,5,No,0,0,Acquitted,"This case involves a charge of Cheating under IPC section 420. The prosecution presented evidence considered Moderate in strength with testimony from 5 witnesses. The accused had no prior criminal record. Based on the evaluation of the facts and evidence, the accused was acquitted due to insufficient evidence."
150,Theft,379,The accused was charged with theft under IPC section 379. Evidence strength was Strong. 1 witnesses were presented in court. Prior criminal record: No.,Strong,1,No,5,44331,Convicted,"This case involves a charge of Theft under IPC section 379. The prosecution presented evidence considered Strong in strength with testimony from 1 witnesses. The accused had no prior criminal record. Based on the evaluation of the facts and evidence, the accused was ultimately convicted by the court."
151,Cheating,420,The accused was charged with cheating under IPC section 420. Evidence strength was Moderate. 0 witnesses were presented in court. Prior criminal record: Yes.,Moderate,0,Yes,4,28087,Convicted,"This case involves a charge of Cheating under IPC section 420. The prosecution presented evidence considered Moderate in strength with testimony from 0 witnesses. The accused had no prior criminal record. Based on the evaluation of the facts and evidence, the accused was ultimately convicted by the court."
152,Assault,323,The accused was charged with assault under IPC section 323. Evidence strength was Weak. 0 witnesses were presented in court. Prior criminal record: Yes.,Weak,0,Yes,0,0,Acquitted,"This case involves a charge of Assault under IPC section 323. The prosecution presented evidence considered Weak in strength with testimony from 0 witnesses. The accused had no prior criminal record. Based on the evaluation of the facts and evidence, the accused was acquitted due to insufficient evidence."
153,Smuggling,135,The accused was charged with smuggling under IPC section 135. Evidence strength was Strong. 4 witnesses were presented in court. Prior criminal record: No.,Strong,4,No,5,9149,Convicted,"This case involves a charge of Smuggling under IPC section 135. The prosecution presented evidence considered Strong in strength with testimony from 4 witnesses. The accused had no prior criminal record. Based on the evaluation of the facts and evidence, the accused was ultimately convicted by the court."
154,Corruption,13,The accused was charged with corruption under IPC section 13. Evidence strength was Strong. 2 witnesses were presented in court. Prior criminal record: No.,Strong,2,No,7,33798,Convicted,"This case involves a charge of Corruption under IPC section 13. The prosecution presented evidence considered Strong in strength with testimony from 2 witnesses. The accused had no prior criminal record. Based on the evaluation of the facts and evidence, the accused was ultimately convicted by the court."
155,Sexual Assault,376,The accused was charged with sexual assault under IPC section 376. Evidence strength was Moderate. 3 witnesses were presented in court. Prior criminal record: Yes.,Moderate,3,Yes,16,3612,Convicted,"This case involves a charge of Sexual Assault under IPC section 376. The prosecution presented evidence considered Moderate in strength with testimony from 3 witnesses. The accused had no prior criminal record. Based on the evaluation of the facts and evidence, the accused was ultimately convicted by the court."
156,Drug Possession,21,The accused was charged with drug possession under IPC section 21. Evidence strength was Strong. 2 witnesses were presented in court. Prior criminal record: No.,Strong,2,No,2,6985,Convicted,"This case involves a charge of Drug Possession under IPC section 21. The prosecution presented evidence considered Strong in strength with testimony from 2 witnesses. The accused had no prior criminal record. Based on the evaluation of the facts and evidence, the accused was ultimately convicted by the court."
157,Cheating,420,The accused was charged with cheating under IPC section 420. Evidence strength was Strong. 4 witnesses were presented in court. Prior criminal record: Yes.,Strong,4,Yes,7,18662,Convicted,"This case involves a charge of Cheating under IPC section 420. The prosecution presented evidence considered Strong in strength with testimony from 4 witnesses. The accused had no prior criminal record. Based on the evaluation of the facts and evidence, the accused was ultimately convicted by the court."
158,Smuggling,135,The accused was charged with smuggling under IPC section 135. Evidence strength was Weak. 1 witnesses were presented in court. Prior criminal record: No.,Weak,1,No,0,0,Acquitted,"This case involves a charge of Smuggling under IPC section 135. The prosecution presented evidence considered Weak in strength with testimony from 1 witnesses. The accused had no prior criminal record. Based on the evaluation of the facts and evidence, the accused was acquitted due to insufficient evidence."
159,Kidnapping,363,The accused was charged with kidnapping under IPC section 363. Evidence strength was Weak. 4 witnesses were presented in court. Prior criminal record: No.,Weak,4,No,0,0,Acquitted,"This case involves a charge of Kidnapping under IPC section 363. The prosecution presented evidence considered Weak in strength with testimony from 4 witnesses. The accused had no prior criminal record. Based on the evaluation of the facts and evidence, the accused was acquitted due to insufficient evidence."
160,Theft,379,The accused was charged with theft under IPC section 379. Evidence strength was Moderate. 2 witnesses were presented in court. Prior criminal record: No.,Moderate,2,No,0,0,Acquitted,"This case involves a charge of Theft under IPC section 379. The prosecution presented evidence considered Moderate in strength with testimony from 2 witnesses. The accused had no prior criminal record. Based on the evaluation of the facts and evidence, the accused was acquitted due to insufficient evidence."
161,Cybercrime,66,The accused was charged with cybercrime under IPC section 66. Evidence strength was Strong. 0 witnesses were presented in court. Prior criminal record: Yes.,Strong,0,Yes,3,27977,Convicted,"This case involves a charge of Cybercrime under IPC section 66. The prosecution presented evidence considered Strong in strength with testimony from 0 witnesses. The accused had no prior criminal record. Based on the evaluation of the facts and evidence, the accused was ultimately convicted by the court."
162,Corruption,13,The accused was charged with corruption under IPC section 13. Evidence strength was Moderate. 5 witnesses were presented in court. Prior criminal record: No.,Moderate,5,No,10,3885,Convicted,"This case involves a charge of Corruption under IPC section 13. The prosecution presented evidence considered Moderate in strength with testimony from 5 witnesses. The accused had no prior criminal record. Based on the evaluation of the facts and evidence, the accused was ultimately convicted by the court."
163,Cybercrime,66,The accused was charged with cybercrime under IPC section 66. Evidence strength was Moderate. 2 witnesses were presented in court. Prior criminal record: Yes.,Moderate,2,Yes,0,0,Acquitted,"This case involves a charge of Cybercrime under IPC section 66. The prosecution presented evidence considered Moderate in strength with testimony from 2 witnesses. The accused had no prior criminal record. Based on the evaluation of the facts and evidence, the accused was acquitted due to insufficient evidence."
164,Sexual Assault,376,The accused was charged with sexual assault under IPC section 376. Evidence strength was Weak. 5 witnesses were presented in court. Prior criminal record: No.,Weak,5,No,0,0,Acquitted,"This case involves a charge of Sexual Assault under IPC section 376. The prosecution presented evidence considered Weak in strength with testimony from 5 witnesses. The accused had no prior criminal record. Based on the evaluation of the facts and evidence, the accused was acquitted due to insufficient evidence."
165,Murder,302,The accused was charged with murder under IPC section 302. Evidence strength was Weak. 4 witnesses were presented in court. Prior criminal record: No.,Weak,4,No,0,0,Acquitted,"This case involves a charge of Murder under IPC section 302. The prosecution presented evidence considered Weak in strength with testimony from 4 witnesses. The accused had no prior criminal record. Based on the evaluation of the facts and evidence, the accused was acquitted due to insufficient evidence."
166,Corruption,13,The accused was charged with corruption under IPC section 13. Evidence strength was Weak. 1 witnesses were presented in court. Prior criminal record: No.,Weak,1,No,7,15356,Convicted,"This case involves a charge of Corruption under IPC section 13. The prosecution presented evidence considered Weak in strength with testimony from 1 witnesses. The accused had no prior criminal record. Based on the evaluation of the facts and evidence, the accused was ultimately convicted by the court."
167,Corruption,13,The accused was charged with corruption under IPC section 13. Evidence strength was Weak. 0 witnesses were presented in court. Prior criminal record: Yes.,Weak,0,Yes,7,19049,Convicted,"This case involves a charge of Corruption under IPC section 13. The prosecution presented evidence considered Weak in strength with testimony from 0 witnesses. The accused had no prior criminal record. Based on the evaluation of the facts and evidence, the accused was ultimately convicted by the court."
168,Murder,302,The accused was charged with murder under IPC section 302. Evidence strength was Strong. 3 witnesses were presented in court. Prior criminal record: Yes.,Strong,3,Yes,17,8435,Convicted,"This case involves a charge of Murder under IPC section 302. The prosecution presented evidence considered Strong in strength with testimony from 3 witnesses. The accused had no prior criminal record. Based on the evaluation of the facts and evidence, the accused was ultimately convicted by the court."
169,Corruption,13,The accused was charged with corruption under IPC section 13. Evidence strength was Weak. 5 witnesses were presented in court. Prior criminal record: Yes.,Weak,5,Yes,10,47963,Convicted,"This case involves a charge of Corruption under IPC section 13. The prosecution presented evidence considered Weak in strength with testimony from 5 witnesses. The accused had no prior criminal record. Based on the evaluation of the facts and evidence, the accused was ultimately convicted by the court."
170,Kidnapping,363,The accused was charged with kidnapping under IPC section 363. Evidence strength was Strong. 5 witnesses were presented in court. Prior criminal record: No.,Strong,5,No,9,32621,Convicted,"This case involves a charge of Kidnapping under IPC section 363. The prosecution presented evidence considered Strong in strength with testimony from 5 witnesses. The accused had no prior criminal record. Based on the evaluation of the facts and evidence, the accused was ultimately convicted by the court."
171,Corruption,13,The accused was charged with corruption under IPC section 13. Evidence strength was Weak. 3 witnesses were presented in court. Prior criminal record: Yes.,Weak,3,Yes,9,13491,Convicted,"This case involves a charge of Corruption under IPC section 13. The prosecution presented evidence considered Weak in strength with testimony from 3 witnesses. The accused had no prior criminal record. Based on the evaluation of the facts and evidence, the accused was ultimately convicted by the court."
172,Smuggling,135,The accused was charged with smuggling under IPC section 135. Evidence strength was Strong. 5 witnesses were presented in court. Prior criminal record: Yes.,Strong,5,Yes,8,5575,Convicted,"This case involves a charge of Smuggling under IPC section 135. The prosecution presented evidence considered Strong in strength with testimony from 5 witnesses. The accused had no prior criminal record. Based on the evaluation of the facts and evidence, the accused was ultimately convicted by the court."
173,Kidnapping,363,The accused was charged with kidnapping under IPC section 363. Evidence strength was Moderate. 2 witnesses were presented in court. Prior criminal record: No.,Moderate,2,No,7,24791,Convicted,"This case involves a charge of Kidnapping under IPC section 363. The prosecution presented evidence considered Moderate in strength with testimony from 2 witnesses. The accused had no prior criminal record. Based on the evaluation of the facts and evidence, the accused was ultimately convicted by the court."
174,Kidnapping,363,The accused was charged with kidnapping under IPC section 363. Evidence strength was Strong. 4 witnesses were presented in court. Prior criminal record: No.,Strong,4,No,5,30264,Convicted,"This case involves a charge of Kidnapping under IPC section 363. The prosecution presented evidence considered Strong in strength with testimony from 4 witnesses. The accused had no prior criminal record. Based on the evaluation of the facts and evidence, the accused was ultimately convicted by the court."
175,Sexual Assault,376,The accused was charged with sexual assault under IPC section 376. Evidence strength was Moderate. 2 witnesses were presented in court. Prior criminal record: No.,Moderate,2,No,0,0,Acquitted,"This case involves a charge of Sexual Assault under IPC section 376. The prosecution presented evidence considered Moderate in strength with testimony from 2 witnesses. The accused had no prior criminal record. Based on the evaluation of the facts and evidence, the accused was acquitted due to insufficient evidence."
176,Corruption,13,The accused was charged with corruption under IPC section 13. Evidence strength was Moderate. 1 witnesses were presented in court. Prior criminal record: Yes.,Moderate,1,Yes,0,0,Acquitted,"This case involves a charge of Corruption under IPC section 13. The prosecution presented evidence considered Moderate in strength with testimony from 1 witnesses. The accused had no prior criminal record. Based on the evaluation of the facts and evidence, the accused was acquitted due to insufficient evidence."
177,Cheating,420,The accused was charged with cheating under IPC section 420. Evidence strength was Moderate. 0 witnesses were presented in court. Prior criminal record: No.,Moderate,0,No,0,0,Acquitted,"This case involves a charge of Cheating under IPC section 420. The prosecution presented evidence considered Moderate in strength with testimony from 0 witnesses. The accused had no prior criminal record. Based on the evaluation of the facts and evidence, the accused was acquitted due to insufficient evidence."
178,Drug Possession,21,The accused was charged with drug possession under IPC section 21. Evidence strength was Moderate. 5 witnesses were presented in court. Prior criminal record: Yes.,Moderate,5,Yes,9,3426,Convicted,"This case involves a charge of Drug Possession under IPC section 21. The prosecution presented evidence considered Moderate in strength with testimony from 5 witnesses. The accused had no prior criminal record. Based on the evaluation of the facts and evidence, the accused was ultimately convicted by the court."
179,Assault,323,The accused was charged with assault under IPC section 323. Evidence strength was Strong. 4 witnesses were presented in court. Prior criminal record: No.,Strong,4,No,0,29855,Convicted,"This case involves a charge of Assault under IPC section 323. The prosecution presented evidence considered Strong in strength with testimony from 4 witnesses. The accused had no prior criminal record. Based on the evaluation of the facts and evidence, the accused was ultimately convicted by the court."
180,Theft,379,The accused was charged with theft under IPC section 379. Evidence strength was Strong. 3 witnesses were presented in court. Prior criminal record: Yes.,Strong,3,Yes,2,27868,Convicted,"This case involves a charge of Theft under IPC section 379. The prosecution presented evidence considered Strong in strength with testimony from 3 witnesses. The accused had no prior criminal record. Based on the evaluation of the facts and evidence, the accused was ultimately convicted by the court."
181,Assault,323,The accused was charged with assault under IPC section 323. Evidence strength was Weak. 3 witnesses were presented in court. Prior criminal record: No.,Weak,3,No,0,0,Acquitted,"This case involves a charge of Assault under IPC section 323. The prosecution presented evidence considered Weak in strength with testimony from 3 witnesses. The accused had no prior criminal record. Based on the evaluation of the facts and evidence, the accused was acquitted due to insufficient evidence."
182,Smuggling,135,The accused was charged with smuggling under IPC section 135. Evidence strength was Strong. 3 witnesses were presented in court. Prior criminal record: Yes.,Strong,3,Yes,8,22532,Convicted,"This case involves a charge of Smuggling under IPC section 135. The prosecution presented evidence considered Strong in strength with testimony from 3 witnesses. The accused had no prior criminal record. Based on the evaluation of the facts and evidence, the accused was ultimately convicted by the court."
183,Sexual Assault,376,The accused was charged with sexual assault under IPC section 376. Evidence strength was Moderate. 2 witnesses were presented in court. Prior criminal record: No.,Moderate,2,No,16,3242,Convicted,"This case involves a charge of Sexual Assault under IPC section 376. The prosecution presented evidence considered Moderate in strength with testimony from 2 witnesses. The accused had no prior criminal record. Based on the evaluation of the facts and evidence, the accused was ultimately convicted by the court."
184,Cheating,420,The accused was charged with cheating under IPC section 420. Evidence strength was Strong. 5 witnesses were presented in court. Prior criminal record: No.,Strong,5,No,3,49940,Convicted,"This case involves a charge of Cheating under IPC section 420. The prosecution presented evidence considered Strong in strength with testimony from 5 witnesses. The accused had no prior criminal record. Based on the evaluation of the facts and evidence, the accused was ultimately convicted by the court."
185,Theft,379,The accused was charged with theft under IPC section 379. Evidence strength was Moderate. 0 witnesses were presented in court. Prior criminal record: Yes.,Moderate,0,Yes,0,0,Acquitted,"This case involves a charge of Theft under IPC section 379. The prosecution presented evidence considered Moderate in strength with testimony from 0 witnesses. The accused had no prior criminal record. Based on the evaluation of the facts and evidence, the accused was acquitted due to insufficient evidence."
186,Assault,323,The accused was charged with assault under IPC section 323. Evidence strength was Strong. 2 witnesses were presented in court. Prior criminal record: Yes.,Strong,2,Yes,0,22258,Convicted,"This case involves a charge of Assault under IPC section 323. The prosecution presented evidence considered Strong in strength with testimony from 2 witnesses. The accused had no prior criminal record. Based on the evaluation of the facts and evidence, the accused was ultimately convicted by the court."
187,Murder,302,The accused was charged with murder under IPC section 302. Evidence strength was Moderate. 2 witnesses were presented in court. Prior criminal record: No.,Moderate,2,No,0,0,Acquitted,"This case involves a charge of Murder under IPC section 302. The prosecution presented evidence considered Moderate in strength with testimony from 2 witnesses. The accused had no prior criminal record. Based on the evaluation of the facts and evidence, the accused was acquitted due to insufficient evidence."
188,Assault,323,The accused was charged with assault under IPC section 323. Evidence strength was Weak. 4 witnesses were presented in court. Prior criminal record: No.,Weak,4,No,1,6736,Convicted,"This case involves a charge of Assault under IPC section 323. The prosecution presented evidence considered Weak in strength with testimony from 4 witnesses. The accused had no prior criminal record. Based on the evaluation of the facts and evidence, the accused was ultimately convicted by the court."
189,Theft,379,The accused was charged with theft under IPC section 379. Evidence strength was Strong. 3 witnesses were presented in court. Prior criminal record: Yes.,Strong,3,Yes,4,39217,Convicted,"This case involves a charge of Theft under IPC section 379. The prosecution presented evidence considered Strong in strength with testimony from 3 witnesses. The accused had no prior criminal record. Based on the evaluation of the facts and evidence, the accused was ultimately convicted by the court."
190,Assault,323,The accused was charged with assault under IPC section 323. Evidence strength was Weak. 3 witnesses were presented in court. Prior criminal record: No.,Weak,3,No,0,0,Acquitted,"This case involves a charge of Assault under IPC section 323. The prosecution presented evidence considered Weak in strength with testimony from 3 witnesses. The accused had no prior criminal record. Based on the evaluation of the facts and evidence, the accused was acquitted due to insufficient evidence."
191,Kidnapping,363,The accused was charged with kidnapping under IPC section 363. Evidence strength was Strong. 0 witnesses were presented in court. Prior criminal record: No.,Strong,0,No,7,45407,Convicted,"This case involves a charge of Kidnapping under IPC section 363. The prosecution presented evidence considered Strong in strength with testimony from 0 witnesses. The accused had no prior criminal record. Based on the evaluation of the facts and evidence, the accused was ultimately convicted by the court."
192,Sexual Assault,376,The accused was charged with sexual assault under IPC section 376. Evidence strength was Weak. 0 witnesses were presented in court. Prior criminal record: No.,Weak,0,No,0,0,Acquitted,"This case involves a charge of Sexual Assault under IPC section 376. The prosecution presented evidence considered Weak in strength with testimony from 0 witnesses. The accused had no prior criminal record. Based on the evaluation of the facts and evidence, the accused was acquitted due to insufficient evidence."
193,Smuggling,135,The accused was charged with smuggling under IPC section 135. Evidence strength was Moderate. 5 witnesses were presented in court. Prior criminal record: No.,Moderate,5,No,0,0,Acquitted,"This case involves a charge of Smuggling under IPC section 135. The prosecution presented evidence considered Moderate in strength with testimony from 5 witnesses. The accused had no prior criminal record. Based on the evaluation of the facts and evidence, the accused was acquitted due to insufficient evidence."
194,Corruption,13,The accused was charged with corruption under IPC section 13. Evidence strength was Moderate. 1 witnesses were presented in court. Prior criminal record: No.,Moderate,1,No,0,0,Acquitted,"This case involves a charge of Corruption under IPC section 13. The prosecution presented evidence considered Moderate in strength with testimony from 1 witnesses. The accused had no prior criminal record. Based on the evaluation of the facts and evidence, the accused was acquitted due to insufficient evidence."
195,Theft,379,The accused was charged with theft under IPC section 379. Evidence strength was Weak. 3 witnesses were presented in court. Prior criminal record: No.,Weak,3,No,0,0,Acquitted,"This case involves a charge of Theft under IPC section 379. The prosecution presented evidence considered Weak in strength with testimony from 3 witnesses. The accused had no prior criminal record. Based on the evaluation of the facts and evidence, the accused was acquitted due to insufficient evidence."
196,Kidnapping,363,The accused was charged with kidnapping under IPC section 363. Evidence strength was Weak. 5 witnesses were presented in court. Prior criminal record: No.,Weak,5,No,0,0,Acquitted,"This case involves a charge of Kidnapping under IPC section 363. The prosecution presented evidence considered Weak in strength with testimony from 5 witnesses. The accused had no prior criminal record. Based on the evaluation of the facts and evidence, the accused was acquitted due to insufficient evidence."
197,Murder,302,The accused was charged with murder under IPC section 302. Evidence strength was Strong. 5 witnesses were presented in court. Prior criminal record: Yes.,Strong,5,Yes,25,19756,Convicted,"This case involves a charge of Murder under IPC section 302. The prosecution presented evidence considered Strong in strength with testimony from 5 witnesses. The accused had no prior criminal record. Based on the evaluation of the facts and evidence, the accused was ultimately convicted by the court."
198,Cheating,420,The accused was charged with cheating under IPC section 420. Evidence strength was Strong. 2 witnesses were presented in court. Prior criminal record: Yes.,Strong,2,Yes,7,13460,Convicted,"This case involves a charge of Cheating under IPC section 420. The prosecution presented evidence considered Strong in strength with testimony from 2 witnesses. The accused had no prior criminal record. Based on the evaluation of the facts and evidence, the accused was ultimately convicted by the court."
199,Smuggling,135,The accused was charged with smuggling under IPC section 135. Evidence strength was Moderate. 5 witnesses were presented in court. Prior criminal record: Yes.,Moderate,5,Yes,7,7367,Convicted,"This case involves a charge of Smuggling under IPC section 135. The prosecution presented evidence considered Moderate in strength with testimony from 5 witnesses. The accused had no prior criminal record. Based on the evaluation of the facts and evidence, the accused was ultimately convicted by the court."
200,Murder,302,The accused was charged with murder under IPC section 302. Evidence strength was Moderate. 3 witnesses were presented in court. Prior criminal record: Yes.,Moderate,3,Yes,21,48995,Convicted,"This case involves a charge of Murder under IPC section 302. The prosecution presented evidence considered Moderate in strength with testimony from 3 witnesses. The accused had no prior criminal record. Based on the evaluation of the facts and evidence, the accused was ultimately convicted by the court."
201,Assault,323,The accused was charged with assault under IPC section 323. Evidence strength was Weak. 2 witnesses were presented in court. Prior criminal record: No.,Weak,2,No,0,0,Acquitted,"This case involves a charge of Assault under IPC section 323. The prosecution presented evidence considered Weak in strength with testimony from 2 witnesses. The accused had no prior criminal record. Based on the evaluation of the facts and evidence, the accused was acquitted due to insufficient evidence."
202,Assault,323,The accused was charged with assault under IPC section 323. Evidence strength was Weak. 1 witnesses were presented in court. Prior criminal record: No.,Weak,1,No,0,0,Acquitted,"This case involves a charge of Assault under IPC section 323. The prosecution presented evidence considered Weak in strength with testimony from 1 witnesses. The accused had no prior criminal record. Based on the evaluation of the facts and evidence, the accused was acquitted due to insufficient evidence."
203,Assault,323,The accused was charged with assault under IPC section 323. Evidence strength was Moderate. 3 witnesses were presented in court. Prior criminal record: No.,Moderate,3,No,0,0,Acquitted,"This case involves a charge of Assault under IPC section 323. The prosecution presented evidence considered Moderate in strength with testimony from 3 witnesses. The accused had no prior criminal record. Based on the evaluation of the facts and evidence, the accused was acquitted due to insufficient evidence."
204,Theft,379,The accused was charged with theft under IPC section 379. Evidence strength was Moderate. 0 witnesses were presented in court. Prior criminal record: Yes.,Moderate,0,Yes,4,28713,Convicted,"This case involves a charge of Theft under IPC section 379. The prosecution presented evidence considered Moderate in strength with testimony from 0 witnesses. The accused had no prior criminal record. Based on the evaluation of the facts and evidence, the accused was ultimately convicted by the court."
205,Sexual Assault,376,The accused was charged with sexual assault under IPC section 376. Evidence strength was Moderate. 0 witnesses were presented in court. Prior criminal record: No.,Moderate,0,No,11,18582,Convicted,"This case involves a charge of Sexual Assault under IPC section 376. The prosecution presented evidence considered Moderate in strength with testimony from 0 witnesses. The accused had no prior criminal record. Based on the evaluation of the facts and evidence, the accused was ultimately convicted by the court."
206,Theft,379,The accused was charged with theft under IPC section 379. Evidence strength was Moderate. 2 witnesses were presented in court. Prior criminal record: No.,Moderate,2,No,0,0,Acquitted,"This case involves a charge of Theft under IPC section 379. The prosecution presented evidence considered Moderate in strength with testimony from 2 witnesses. The accused had no prior criminal record. Based on the evaluation of the facts and evidence, the accused was acquitted due to insufficient evidence."
207,Cybercrime,66,The accused was charged with cybercrime under IPC section 66. Evidence strength was Weak. 5 witnesses were presented in court. Prior criminal record: Yes.,Weak,5,Yes,4,2640,Convicted,"This case involves a charge of Cybercrime under IPC section 66. The prosecution presented evidence considered Weak in strength with testimony from 5 witnesses. The accused had no prior criminal record. Based on the evaluation of the facts and evidence, the accused was ultimately convicted by the court."
208,Smuggling,135,The accused was charged with smuggling under IPC section 135. Evidence strength was Strong. 2 witnesses were presented in court. Prior criminal record: Yes.,Strong,2,Yes,7,5142,Convicted,"This case involves a charge of Smuggling under IPC section 135. The prosecution presented evidence considered Strong in strength with testimony from 2 witnesses. The accused had no prior criminal record. Based on the evaluation of the facts and evidence, the accused was ultimately convicted by the court."
209,Corruption,13,The accused was charged with corruption under IPC section 13. Evidence strength was Strong. 2 witnesses were presented in court. Prior criminal record: No.,Strong,2,No,4,10160,Convicted,"This case involves a charge of Corruption under IPC section 13. The prosecution presented evidence considered Strong in strength with testimony from 2 witnesses. The accused had no prior criminal record. Based on the evaluation of the facts and evidence, the accused was ultimately convicted by the court."
210,Murder,302,The accused was charged with murder under IPC section 302. Evidence strength was Weak. 2 witnesses were presented in court. Prior criminal record: No.,Weak,2,No,13,8693,Convicted,"This case involves a charge of Murder under IPC section 302. The prosecution presented evidence considered Weak in strength with testimony from 2 witnesses. The accused had no prior criminal record. Based on the evaluation of the facts and evidence, the accused was ultimately convicted by the court."
211,Sexual Assault,376,The accused was charged with sexual assault under IPC section 376. Evidence strength was Weak. 3 witnesses were presented in court. Prior criminal record: No.,Weak,3,No,0,0,Acquitted,"This case involves a charge of Sexual Assault under IPC section 376. The prosecution presented evidence considered Weak in strength with testimony from 3 witnesses. The accused had no prior criminal record. Based on the evaluation of the facts and evidence, the accused was acquitted due to insufficient evidence."
212,Sexual Assault,376,The accused was charged with sexual assault under IPC section 376. Evidence strength was Moderate. 4 witnesses were presented in court. Prior criminal record: Yes.,Moderate,4,Yes,13,43920,Convicted,"This case involves a charge of Sexual Assault under IPC section 376. The prosecution presented evidence considered Moderate in strength with testimony from 4 witnesses. The accused had no prior criminal record. Based on the evaluation of the facts and evidence, the accused was ultimately convicted by the court."
213,Theft,379,The accused was charged with theft under IPC section 379. Evidence strength was Moderate. 4 witnesses were presented in court. Prior criminal record: No.,Moderate,4,No,0,0,Acquitted,"This case involves a charge of Theft under IPC section 379. The prosecution presented evidence considered Moderate in strength with testimony from 4 witnesses. The accused had no prior criminal record. Based on the evaluation of the facts and evidence, the accused was acquitted due to insufficient evidence."
214,Murder,302,The accused was charged with murder under IPC section 302. Evidence strength was Strong. 2 witnesses were presented in court. Prior criminal record: Yes.,Strong,2,Yes,24,30143,Convicted,"This case involves a charge of Murder under IPC section 302. The prosecution presented evidence considered Strong in strength with testimony from 2 witnesses. The accused had no prior criminal record. Based on the evaluation of the facts and evidence, the accused was ultimately convicted by the court."
215,Cheating,420,The accused was charged with cheating under IPC section 420. Evidence strength was Moderate. 0 witnesses were presented in court. Prior criminal record: No.,Moderate,0,No,0,0,Acquitted,"This case involves a charge of Cheating under IPC section 420. The prosecution presented evidence considered Moderate in strength with testimony from 0 witnesses. The accused had no prior criminal record. Based on the evaluation of the facts and evidence, the accused was acquitted due to insufficient evidence."
216,Murder,302,The accused was charged with murder under IPC section 302. Evidence strength was Moderate. 2 witnesses were presented in court. Prior criminal record: Yes.,Moderate,2,Yes,24,4003,Convicted,"This case involves a charge of Murder under IPC section 302. The prosecution presented evidence considered Moderate in strength with testimony from 2 witnesses. The accused had no prior criminal record. Based on the evaluation of the facts and evidence, the accused was ultimately convicted by the court."
217,Cheating,420,The accused was charged with cheating under IPC section 420. Evidence strength was Strong. 5 witnesses were presented in court. Prior criminal record: Yes.,Strong,5,Yes,2,22856,Convicted,"This case involves a charge of Cheating under IPC section 420. The prosecution presented evidence considered Strong in strength with testimony from 5 witnesses. The accused had no prior criminal record. Based on the evaluation of the facts and evidence, the accused was ultimately convicted by the court."
218,Cheating,420,The accused was charged with cheating under IPC section 420. Evidence strength was Weak. 4 witnesses were presented in court. Prior criminal record: Yes.,Weak,4,Yes,2,37320,Convicted,"This case involves a charge of Cheating under IPC section 420. The prosecution presented evidence considered Weak in strength with testimony from 4 witnesses. The accused had no prior criminal record. Based on the evaluation of the facts and evidence, the accused was ultimately convicted by the court."
219,Cheating,420,The accused was charged with cheating under IPC section 420. Evidence strength was Strong. 1 witnesses were presented in court. Prior criminal record: Yes.,Strong,1,Yes,4,10670,Convicted,"This case involves a charge of Cheating under IPC section 420. The prosecution presented evidence considered Strong in strength with testimony from 1 witnesses. The accused had no prior criminal record. Based on the evaluation of the facts and evidence, the accused was ultimately convicted by the court."
220,Smuggling,135,The accused was charged with smuggling under IPC section 135. Evidence strength was Weak. 2 witnesses were presented in court. Prior criminal record: Yes.,Weak,2,Yes,6,9213,Convicted,"This case involves a charge of Smuggling under IPC section 135. The prosecution presented evidence considered Weak in strength with testimony from 2 witnesses. The accused had no prior criminal record. Based on the evaluation of the facts and evidence, the accused was ultimately convicted by the court."
221,Assault,323,The accused was charged with assault under IPC section 323. Evidence strength was Weak. 5 witnesses were presented in court. Prior criminal record: Yes.,Weak,5,Yes,1,1973,Convicted,"This case involves a charge of Assault under IPC section 323. The prosecution presented evidence considered Weak in strength with testimony from 5 witnesses. The accused had no prior criminal record. Based on the evaluation of the facts and evidence, the accused was ultimately convicted by the court."
222,Cybercrime,66,The accused was charged with cybercrime under IPC section 66. Evidence strength was Weak. 4 witnesses were presented in court. Prior criminal record: No.,Weak,4,No,2,9695,Convicted,"This case involves a charge of Cybercrime under IPC section 66. The prosecution presented evidence considered Weak in strength with testimony from 4 witnesses. The accused had no prior criminal record. Based on the evaluation of the facts and evidence, the accused was ultimately convicted by the court."
223,Murder,302,The accused was charged with murder under IPC section 302. Evidence strength was Weak. 5 witnesses were presented in court. Prior criminal record: No.,Weak,5,No,12,16605,Convicted,"This case involves a charge of Murder under IPC section 302. The prosecution presented evidence considered Weak in strength with testimony from 5 witnesses. The accused had no prior criminal record. Based on the evaluation of the facts and evidence, the accused was ultimately convicted by the court."
224,Corruption,13,The accused was charged with corruption under IPC section 13. Evidence strength was Moderate. 4 witnesses were presented in court. Prior criminal record: Yes.,Moderate,4,Yes,10,34019,Convicted,"This case involves a charge of Corruption under IPC section 13. The prosecution presented evidence considered Moderate in strength with testimony from 4 witnesses. The accused had no prior criminal record. Based on the evaluation of the facts and evidence, the accused was ultimately convicted by the court."
225,Cheating,420,The accused was charged with cheating under IPC section 420. Evidence strength was Strong. 0 witnesses were presented in court. Prior criminal record: No.,Strong,0,No,5,43161,Convicted,"This case involves a charge of Cheating under IPC section 420. The prosecution presented evidence considered Strong in strength with testimony from 0 witnesses. The accused had no prior criminal record. Based on the evaluation of the facts and evidence, the accused was ultimately convicted by the court."
226,Murder,302,The accused was charged with murder under IPC section 302. Evidence strength was Weak. 3 witnesses were presented in court. Prior criminal record: No.,Weak,3,No,0,0,Acquitted,"This case involves a charge of Murder under IPC section 302. The prosecution presented evidence considered Weak in strength with testimony from 3 witnesses. The accused had no prior criminal record. Based on the evaluation of the facts and evidence, the accused was acquitted due to insufficient evidence."
227,Theft,379,The accused was charged with theft under IPC section 379. Evidence strength was Moderate. 5 witnesses were presented in court. Prior criminal record: No.,Moderate,5,No,1,11554,Convicted,"This case involves a charge of Theft under IPC section 379. The prosecution presented evidence considered Moderate in strength with testimony from 5 witnesses. The accused had no prior criminal record. Based on the evaluation of the facts and evidence, the accused was ultimately convicted by the court."
228,Smuggling,135,The accused was charged with smuggling under IPC section 135. Evidence strength was Weak. 0 witnesses were presented in court. Prior criminal record: Yes.,Weak,0,Yes,0,0,Acquitted,"This case involves a charge of Smuggling under IPC section 135. The prosecution presented evidence considered Weak in strength with testimony from 0 witnesses. The accused had no prior criminal record. Based on the evaluation of the facts and evidence, the accused was acquitted due to insufficient evidence."
229,Smuggling,135,The accused was charged with smuggling under IPC section 135. Evidence strength was Strong. 4 witnesses were presented in court. Prior criminal record: No.,Strong,4,No,5,40150,Convicted,"This case involves a charge of Smuggling under IPC section 135. The prosecution presented evidence considered Strong in strength with testimony from 4 witnesses. The accused had no prior criminal record. Based on the evaluation of the facts and evidence, the accused was ultimately convicted by the court."
230,Sexual Assault,376,The accused was charged with sexual assault under IPC section 376. Evidence strength was Moderate. 3 witnesses were presented in court. Prior criminal record: No.,Moderate,3,No,19,23995,Convicted,"This case involves a charge of Sexual Assault under IPC section 376. The prosecution presented evidence considered Moderate in strength with testimony from 3 witnesses. The accused had no prior criminal record. Based on the evaluation of the facts and evidence, the accused was ultimately convicted by the court."
231,Theft,379,The accused was charged with theft under IPC section 379. Evidence strength was Strong. 5 witnesses were presented in court. Prior criminal record: Yes.,Strong,5,Yes,4,30593,Convicted,"This case involves a charge of Theft under IPC section 379. The prosecution presented evidence considered Strong in strength with testimony from 5 witnesses. The accused had no prior criminal record. Based on the evaluation of the facts and evidence, the accused was ultimately convicted by the court."
232,Cheating,420,The accused was charged with cheating under IPC section 420. Evidence strength was Moderate. 2 witnesses were presented in court. Prior criminal record: No.,Moderate,2,No,0,0,Acquitted,"This case involves a charge of Cheating under IPC section 420. The prosecution presented evidence considered Moderate in strength with testimony from 2 witnesses. The accused had no prior criminal record. Based on the evaluation of the facts and evidence, the accused was acquitted due to insufficient evidence."
233,Drug Possession,21,The accused was charged with drug possession under IPC section 21. Evidence strength was Strong. 0 witnesses were presented in court. Prior criminal record: No.,Strong,0,No,8,21481,Convicted,"This case involves a charge of Drug Possession under IPC section 21. The prosecution presented evidence considered Strong in strength with testimony from 0 witnesses. The accused had no prior criminal record. Based on the evaluation of the facts and evidence, the accused was ultimately convicted by the court."
234,Kidnapping,363,The accused was charged with kidnapping under IPC section 363. Evidence strength was Moderate. 1 witnesses were presented in court. Prior criminal record: No.,Moderate,1,No,4,28255,Convicted,"This case involves a charge of Kidnapping under IPC section 363. The prosecution presented evidence considered Moderate in strength with testimony from 1 witnesses. The accused had no prior criminal record. Based on the evaluation of the facts and evidence, the accused was ultimately convicted by the court."
235,Theft,379,The accused was charged with theft under IPC section 379. Evidence strength was Weak. 3 witnesses were presented in court. Prior criminal record: Yes.,Weak,3,Yes,3,9527,Convicted,"This case involves a charge of Theft under IPC section 379. The prosecution presented evidence considered Weak in strength with testimony from 3 witnesses. The accused had no prior criminal record. Based on the evaluation of the facts and evidence, the accused was ultimately convicted by the court."
236,Sexual Assault,376,The accused was charged with sexual assault under IPC section 376. Evidence strength was Weak. 4 witnesses were presented in court. Prior criminal record: No.,Weak,4,No,13,12586,Convicted,"This case involves a charge of Sexual Assault under IPC section 376. The prosecution presented evidence considered Weak in strength with testimony from 4 witnesses. The accused had no prior criminal record. Based on the evaluation of the facts and evidence, the accused was ultimately convicted by the court."
237,Drug Possession,21,The accused was charged with drug possession under IPC section 21. Evidence strength was Strong. 0 witnesses were presented in court. Prior criminal record: No.,Strong,0,No,6,24045,Convicted,"This case involves a charge of Drug Possession under IPC section 21. The prosecution presented evidence considered Strong in strength with testimony from 0 witnesses. The accused had no prior criminal record. Based on the evaluation of the facts and evidence, the accused was ultimately convicted by the court."
238,Theft,379,The accused was charged with theft under IPC section 379. Evidence strength was Strong. 4 witnesses were presented in court. Prior criminal record: Yes.,Strong,4,Yes,2,44039,Convicted,"This case involves a charge of Theft under IPC section 379. The prosecution presented evidence considered Strong in strength with testimony from 4 witnesses. The accused had no prior criminal record. Based on the evaluation of the facts and evidence, the accused was ultimately convicted by the court."
239,Corruption,13,The accused was charged with corruption under IPC section 13. Evidence strength was Weak. 0 witnesses were presented in court. Prior criminal record: No.,Weak,0,No,0,0,Acquitted,"This case involves a charge of Corruption under IPC section 13. The prosecution presented evidence considered Weak in strength with testimony from 0 witnesses. The accused had no prior criminal record. Based on the evaluation of the facts and evidence, the accused was acquitted due to insufficient evidence."
240,Theft,379,The accused was charged with theft under IPC section 379. Evidence strength was Moderate. 4 witnesses were presented in court. Prior criminal record: Yes.,Moderate,4,Yes,4,37763,Convicted,"This case involves a charge of Theft under IPC section 379. The prosecution presented evidence considered Moderate in strength with testimony from 4 witnesses. The accused had no prior criminal record. Based on the evaluation of the facts and evidence, the accused was ultimately convicted by the court."
241,Smuggling,135,The accused was charged with smuggling under IPC section 135. Evidence strength was Strong. 5 witnesses were presented in court. Prior criminal record: Yes.,Strong,5,Yes,6,44111,Convicted,"This case involves a charge of Smuggling under IPC section 135. The prosecution presented evidence considered Strong in strength with testimony from 5 witnesses. The accused had no prior criminal record. Based on the evaluation of the facts and evidence, the accused was ultimately convicted by the court."
242,Kidnapping,363,The accused was charged with kidnapping under IPC section 363. Evidence strength was Weak. 1 witnesses were presented in court. Prior criminal record: No.,Weak,1,No,0,0,Acquitted,"This case involves a charge of Kidnapping under IPC section 363. The prosecution presented evidence considered Weak in strength with testimony from 1 witnesses. The accused had no prior criminal record. Based on the evaluation of the facts and evidence, the accused was acquitted due to insufficient evidence."
243,Cybercrime,66,The accused was charged with cybercrime under IPC section 66. Evidence strength was Moderate. 0 witnesses were presented in court. Prior criminal record: Yes.,Moderate,0,Yes,5,22539,Convicted,"This case involves a charge of Cybercrime under IPC section 66. The prosecution presented evidence considered Moderate in strength with testimony from 0 witnesses. The accused had no prior criminal record. Based on the evaluation of the facts and evidence, the accused was ultimately convicted by the court."
244,Drug Possession,21,The accused was charged with drug possession under IPC section 21. Evidence strength was Weak. 1 witnesses were presented in court. Prior criminal record: Yes.,Weak,1,Yes,10,8049,Convicted,"This case involves a charge of Drug Possession under IPC section 21. The prosecution presented evidence considered Weak in strength with testimony from 1 witnesses. The accused had no prior criminal record. Based on the evaluation of the facts and evidence, the accused was ultimately convicted by the court."
245,Drug Possession,21,The accused was charged with drug possession under IPC section 21. Evidence strength was Moderate. 3 witnesses were presented in court. Prior criminal record: No.,Moderate,3,No,7,11211,Convicted,"This case involves a charge of Drug Possession under IPC section 21. The prosecution presented evidence considered Moderate in strength with testimony from 3 witnesses. The accused had no prior criminal record. Based on the evaluation of the facts and evidence, the accused was ultimately convicted by the court."
246,Cybercrime,66,The accused was charged with cybercrime under IPC section 66. Evidence strength was Strong. 4 witnesses were presented in court. Prior criminal record: Yes.,Strong,4,Yes,1,11196,Convicted,"This case involves a charge of Cybercrime under IPC section 66. The prosecution presented evidence considered Strong in strength with testimony from 4 witnesses. The accused had no prior criminal record. Based on the evaluation of the facts and evidence, the accused was ultimately convicted by the court."
247,Assault,323,The accused was charged with assault under IPC section 323. Evidence strength was Strong. 0 witnesses were presented in court. Prior criminal record: Yes.,Strong,0,Yes,2,30039,Convicted,"This case involves a charge of Assault under IPC section 323. The prosecution presented evidence considered Strong in strength with testimony from 0 witnesses. The accused had no prior criminal record. Based on the evaluation of the facts and evidence, the accused was ultimately convicted by the court."
248,Drug Possession,21,The accused was charged with drug possession under IPC section 21. Evidence strength was Moderate. 4 witnesses were presented in court. Prior criminal record: No.,Moderate,4,No,0,0,Acquitted,"This case involves a charge of Drug Possession under IPC section 21. The prosecution presented evidence considered Moderate in strength with testimony from 4 witnesses. The accused had no prior criminal record. Based on the evaluation of the facts and evidence, the accused was acquitted due to insufficient evidence."
249,Kidnapping,363,The accused was charged with kidnapping under IPC section 363. Evidence strength was Weak. 4 witnesses were presented in court. Prior criminal record: Yes.,Weak,4,Yes,8,29174,Convicted,"This case involves a charge of Kidnapping under IPC section 363. The prosecution presented evidence considered Weak in strength with testimony from 4 witnesses. The accused had no prior criminal record. Based on the evaluation of the facts and evidence, the accused was ultimately convicted by the court."
250,Theft,379,The accused was charged with theft under IPC section 379. Evidence strength was Moderate. 5 witnesses were presented in court. Prior criminal record: No.,Moderate,5,No,0,0,Acquitted,"This case involves a charge of Theft under IPC section 379. The prosecution presented evidence considered Moderate in strength with testimony from 5 witnesses. The accused had no prior criminal record. Based on the evaluation of the facts and evidence, the accused was acquitted due to insufficient evidence."
251,Murder,302,The accused was charged with murder under IPC section 302. Evidence strength was Weak. 3 witnesses were presented in court. Prior criminal record: Yes.,Weak,3,Yes,10,14397,Convicted,"This case involves a charge of Murder under IPC section 302. The prosecution presented evidence considered Weak in strength with testimony from 3 witnesses. The accused had no prior criminal record. Based on the evaluation of the facts and evidence, the accused was ultimately convicted by the court."
252,Kidnapping,363,The accused was charged with kidnapping under IPC section 363. Evidence strength was Weak. 1 witnesses were presented in court. Prior criminal record: No.,Weak,1,No,0,0,Acquitted,"This case involves a charge of Kidnapping under IPC section 363. The prosecution presented evidence considered Weak in strength with testimony from 1 witnesses. The accused had no prior criminal record. Based on the evaluation of the facts and evidence, the accused was acquitted due to insufficient evidence."
253,Cybercrime,66,The accused was charged with cybercrime under IPC section 66. Evidence strength was Weak. 0 witnesses were presented in court. Prior criminal record: No.,Weak,0,No,0,0,Acquitted,"This case involves a charge of Cybercrime under IPC section 66. The prosecution presented evidence considered Weak in strength with testimony from 0 witnesses. The accused had no prior criminal record. Based on the evaluation of the facts and evidence, the accused was acquitted due to insufficient evidence."
254,Assault,323,The accused was charged with assault under IPC section 323. Evidence strength was Weak. 3 witnesses were presented in court. Prior criminal record: Yes.,Weak,3,Yes,2,5723,Convicted,"This case involves a charge of Assault under IPC section 323. The prosecution presented evidence considered Weak in strength with testimony from 3 witnesses. The accused had no prior criminal record. Based on the evaluation of the facts and evidence, the accused was ultimately convicted by the court."
255,Drug Possession,21,The accused was charged with drug possession under IPC section 21. Evidence strength was Strong. 0 witnesses were presented in court. Prior criminal record: No.,Strong,0,No,2,31130,Convicted,"This case involves a charge of Drug Possession under IPC section 21. The prosecution presented evidence considered Strong in strength with testimony from 0 witnesses. The accused had no prior criminal record. Based on the evaluation of the facts and evidence, the accused was ultimately convicted by the court."
256,Theft,379,The accused was charged with theft under IPC section 379. Evidence strength was Moderate. 4 witnesses were presented in court. Prior criminal record: No.,Moderate,4,No,0,0,Acquitted,"This case involves a charge of Theft under IPC section 379. The prosecution presented evidence considered Moderate in strength with testimony from 4 witnesses. The accused had no prior criminal record. Based on the evaluation of the facts and evidence, the accused was acquitted due to insufficient evidence."
257,Drug Possession,21,The accused was charged with drug possession under IPC section 21. Evidence strength was Moderate. 0 witnesses were presented in court. Prior criminal record: No.,Moderate,0,No,7,6631,Convicted,"This case involves a charge of Drug Possession under IPC section 21. The prosecution presented evidence considered Moderate in strength with testimony from 0 witnesses. The accused had no prior criminal record. Based on the evaluation of the facts and evidence, the accused was ultimately convicted by the court."
258,Smuggling,135,The accused was charged with smuggling under IPC section 135. Evidence strength was Moderate. 5 witnesses were presented in court. Prior criminal record: No.,Moderate,5,No,5,28672,Convicted,"This case involves a charge of Smuggling under IPC section 135. The prosecution presented evidence considered Moderate in strength with testimony from 5 witnesses. The accused had no prior criminal record. Based on the evaluation of the facts and evidence, the accused was ultimately convicted by the court."
259,Theft,379,The accused was charged with theft under IPC section 379. Evidence strength was Weak. 3 witnesses were presented in court. Prior criminal record: No.,Weak,3,No,4,29525,Convicted,"This case involves a charge of Theft under IPC section 379. The prosecution presented evidence considered Weak in strength with testimony from 3 witnesses. The accused had no prior criminal record. Based on the evaluation of the facts and evidence, the accused was ultimately convicted by the court."
260,Kidnapping,363,The accused was charged with kidnapping under IPC section 363. Evidence strength was Strong. 2 witnesses were presented in court. Prior criminal record: Yes.,Strong,2,Yes,8,12018,Convicted,"This case involves a charge of Kidnapping under IPC section 363. The prosecution presented evidence considered Strong in strength with testimony from 2 witnesses. The accused had no prior criminal record. Based on the evaluation of the facts and evidence, the accused was ultimately convicted by the court."
261,Theft,379,The accused was charged with theft under IPC section 379. Evidence strength was Strong. 5 witnesses were presented in court. Prior criminal record: Yes.,Strong,5,Yes,5,34420,Convicted,"This case involves a charge of Theft under IPC section 379. The prosecution presented evidence considered Strong in strength with testimony from 5 witnesses. The accused had no prior criminal record. Based on the evaluation of the facts and evidence, the accused was ultimately convicted by the court."
262,Cheating,420,The accused was charged with cheating under IPC section 420. Evidence strength was Moderate. 2 witnesses were presented in court. Prior criminal record: Yes.,Moderate,2,Yes,2,5798,Convicted,"This case involves a charge of Cheating under IPC section 420. The prosecution presented evidence considered Moderate in strength with testimony from 2 witnesses. The accused had no prior criminal record. Based on the evaluation of the facts and evidence, the accused was ultimately convicted by the court."
263,Kidnapping,363,The accused was charged with kidnapping under IPC section 363. Evidence strength was Weak. 1 witnesses were presented in court. Prior criminal record: Yes.,Weak,1,Yes,5,26324,Convicted,"This case involves a charge of Kidnapping under IPC section 363. The prosecution presented evidence considered Weak in strength with testimony from 1 witnesses. The accused had no prior criminal record. Based on the evaluation of the facts and evidence, the accused was ultimately convicted by the court."
264,Corruption,13,The accused was charged with corruption under IPC section 13. Evidence strength was Moderate. 4 witnesses were presented in court. Prior criminal record: No.,Moderate,4,No,0,0,Acquitted,"This case involves a charge of Corruption under IPC section 13. The prosecution presented evidence considered Moderate in strength with testimony from 4 witnesses. The accused had no prior criminal record. Based on the evaluation of the facts and evidence, the accused was acquitted due to insufficient evidence."
265,Cybercrime,66,The accused was charged with cybercrime under IPC section 66. Evidence strength was Weak. 3 witnesses were presented in court. Prior criminal record: Yes.,Weak,3,Yes,4,29980,Convicted,"This case involves a charge of Cybercrime under IPC section 66. The prosecution presented evidence considered Weak in strength with testimony from 3 witnesses. The accused had no prior criminal record. Based on the evaluation of the facts and evidence, the accused was ultimately convicted by the court."
266,Kidnapping,363,The accused was charged with kidnapping under IPC section 363. Evidence strength was Moderate. 4 witnesses were presented in court. Prior criminal record: Yes.,Moderate,4,Yes,8,34248,Convicted,"This case involves a charge of Kidnapping under IPC section 363. The prosecution presented evidence considered Moderate in strength with testimony from 4 witnesses. The accused had no prior criminal record. Based on the evaluation of the facts and evidence, the accused was ultimately convicted by the court."
267,Theft,379,The accused was charged with theft under IPC section 379. Evidence strength was Moderate. 3 witnesses were presented in court. Prior criminal record: No.,Moderate,3,No,1,13082,Convicted,"This case involves a charge of Theft under IPC section 379. The prosecution presented evidence considered Moderate in strength with testimony from 3 witnesses. The accused had no prior criminal record. Based on the evaluation of the facts and evidence, the accused was ultimately convicted by the court."
268,Kidnapping,363,The accused was charged with kidnapping under IPC section 363. Evidence strength was Weak. 5 witnesses were presented in court. Prior criminal record: Yes.,Weak,5,Yes,9,31324,Convicted,"This case involves a charge of Kidnapping under IPC section 363. The prosecution presented evidence considered Weak in strength with testimony from 5 witnesses. The accused had no prior criminal record. Based on the evaluation of the facts and evidence, the accused was ultimately convicted by the court."
269,Smuggling,135,The accused was charged with smuggling under IPC section 135. Evidence strength was Strong. 5 witnesses were presented in court. Prior criminal record: Yes.,Strong,5,Yes,5,38464,Convicted,"This case involves a charge of Smuggling under IPC section 135. The prosecution presented evidence considered Strong in strength with testimony from 5 witnesses. The accused had no prior criminal record. Based on the evaluation of the facts and evidence, the accused was ultimately convicted by the court."
270,Cheating,420,The accused was charged with cheating under IPC section 420. Evidence strength was Moderate. 4 witnesses were presented in court. Prior criminal record: No.,Moderate,4,No,2,15762,Convicted,"This case involves a charge of Cheating under IPC section 420. The prosecution presented evidence considered Moderate in strength with testimony from 4 witnesses. The accused had no prior criminal record. Based on the evaluation of the facts and evidence, the accused was ultimately convicted by the court."
271,Theft,379,The accused was charged with theft under IPC section 379. Evidence strength was Moderate. 5 witnesses were presented in court. Prior criminal record: Yes.,Moderate,5,Yes,5,43344,Convicted,"This case involves a charge of Theft under IPC section 379. The prosecution presented evidence considered Moderate in strength with testimony from 5 witnesses. The accused had no prior criminal record. Based on the evaluation of the facts and evidence, the accused was ultimately convicted by the court."
272,Assault,323,The accused was charged with assault under IPC section 323. Evidence strength was Weak. 1 witnesses were presented in court. Prior criminal record: No.,Weak,1,No,0,0,Acquitted,"This case involves a charge of Assault under IPC section 323. The prosecution presented evidence considered Weak in strength with testimony from 1 witnesses. The accused had no prior criminal record. Based on the evaluation of the facts and evidence, the accused was acquitted due to insufficient evidence."
273,Sexual Assault,376,The accused was charged with sexual assault under IPC section 376. Evidence strength was Strong. 4 witnesses were presented in court. Prior criminal record: Yes.,Strong,4,Yes,12,25435,Convicted,"This case involves a charge of Sexual Assault under IPC section 376. The prosecution presented evidence considered Strong in strength with testimony from 4 witnesses. The accused had no prior criminal record. Based on the evaluation of the facts and evidence, the accused was ultimately convicted by the court."
274,Kidnapping,363,The accused was charged with kidnapping under IPC section 363. Evidence strength was Moderate. 3 witnesses were presented in court. Prior criminal record: No.,Moderate,3,No,8,3159,Convicted,"This case involves a charge of Kidnapping under IPC section 363. The prosecution presented evidence considered Moderate in strength with testimony from 3 witnesses. The accused had no prior criminal record. Based on the evaluation of the facts and evidence, the accused was ultimately convicted by the court."
275,Cybercrime,66,The accused was charged with cybercrime under IPC section 66. Evidence strength was Weak. 4 witnesses were presented in court. Prior criminal record: No.,Weak,4,No,0,0,Acquitted,"This case involves a charge of Cybercrime under IPC section 66. The prosecution presented evidence considered Weak in strength with testimony from 4 witnesses. The accused had no prior criminal record. Based on the evaluation of the facts and evidence, the accused was acquitted due to insufficient evidence."
276,Kidnapping,363,The accused was charged with kidnapping under IPC section 363. Evidence strength was Strong. 5 witnesses were presented in court. Prior criminal record: Yes.,Strong,5,Yes,8,6341,Convicted,"This case involves a charge of Kidnapping under IPC section 363. The prosecution presented evidence considered Strong in strength with testimony from 5 witnesses. The accused had no prior criminal record. Based on the evaluation of the facts and evidence, the accused was ultimately convicted by the court."
277,Smuggling,135,The accused was charged with smuggling under IPC section 135. Evidence strength was Strong. 1 witnesses were presented in court. Prior criminal record: No.,Strong,1,No,4,43995,Convicted,"This case involves a charge of Smuggling under IPC section 135. The prosecution presented evidence considered Strong in strength with testimony from 1 witnesses. The accused had no prior criminal record. Based on the evaluation of the facts and evidence, the accused was ultimately convicted by the court."
278,Drug Possession,21,The accused was charged with drug possession under IPC section 21. Evidence strength was Weak. 4 witnesses were presented in court. Prior criminal record: Yes.,Weak,4,Yes,6,37629,Convicted,"This case involves a charge of Drug Possession under IPC section 21. The prosecution presented evidence considered Weak in strength with testimony from 4 witnesses. The accused had no prior criminal record. Based on the evaluation of the facts and evidence, the accused was ultimately convicted by the court."
279,Drug Possession,21,The accused was charged with drug possession under IPC section 21. Evidence strength was Strong. 2 witnesses were presented in court. Prior criminal record: Yes.,Strong,2,Yes,10,7124,Convicted,"This case involves a charge of Drug Possession under IPC section 21. The prosecution presented evidence considered Strong in strength with testimony from 2 witnesses. The accused had no prior criminal record. Based on the evaluation of the facts and evidence, the accused was ultimately convicted by the court."
280,Drug Possession,21,The accused was charged with drug possession under IPC section 21. Evidence strength was Strong. 2 witnesses were presented in court. Prior criminal record: Yes.,Strong,2,Yes,7,21241,Convicted,"This case involves a charge of Drug Possession under IPC section 21. The prosecution presented evidence considered Strong in strength with testimony from 2 witnesses. The accused had no prior criminal record. Based on the evaluation of the facts and evidence, the accused was ultimately convicted by the court."
281,Assault,323,The accused was charged with assault under IPC section 323. Evidence strength was Weak. 2 witnesses were presented in court. Prior criminal record: No.,Weak,2,No,1,5507,Convicted,"This case involves a charge of Assault under IPC section 323. The prosecution presented evidence considered Weak in strength with testimony from 2 witnesses. The accused had no prior criminal record. Based on the evaluation of the facts and evidence, the accused was ultimately convicted by the court."
282,Assault,323,The accused was charged with assault under IPC section 323. Evidence strength was Weak. 2 witnesses were presented in court. Prior criminal record: Yes.,Weak,2,Yes,2,29717,Convicted,"This case involves a charge of Assault under IPC section 323. The prosecution presented evidence considered Weak in strength with testimony from 2 witnesses. The accused had no prior criminal record. Based on the evaluation of the facts and evidence, the accused was ultimately convicted by the court."
283,Smuggling,135,The accused was charged with smuggling under IPC section 135. Evidence strength was Weak. 4 witnesses were presented in court. Prior criminal record: No.,Weak,4,No,3,6925,Convicted,"This case involves a charge of Smuggling under IPC section 135. The prosecution presented evidence considered Weak in strength with testimony from 4 witnesses. The accused had no prior criminal record. Based on the evaluation of the facts and evidence, the accused was ultimately convicted by the court."
284,Smuggling,135,The accused was charged with smuggling under IPC section 135. Evidence strength was Weak. 5 witnesses were presented in court. Prior criminal record: No.,Weak,5,No,5,12937,Convicted,"This case involves a charge of Smuggling under IPC section 135. The prosecution presented evidence considered Weak in strength with testimony from 5 witnesses. The accused had no prior criminal record. Based on the evaluation of the facts and evidence, the accused was ultimately convicted by the court."
285,Cheating,420,The accused was charged with cheating under IPC section 420. Evidence strength was Moderate. 4 witnesses were presented in court. Prior criminal record: No.,Moderate,4,No,0,0,Acquitted,"This case involves a charge of Cheating under IPC section 420. The prosecution presented evidence considered Moderate in strength with testimony from 4 witnesses. The accused had no prior criminal record. Based on the evaluation of the facts and evidence, the accused was acquitted due to insufficient evidence."
286,Cheating,420,The accused was charged with cheating under IPC section 420. Evidence strength was Strong. 1 witnesses were presented in court. Prior criminal record: No.,Strong,1,No,5,13715,Convicted,"This case involves a charge of Cheating under IPC section 420. The prosecution presented evidence considered Strong in strength with testimony from 1 witnesses. The accused had no prior criminal record. Based on the evaluation of the facts and evidence, the accused was ultimately convicted by the court."
287,Cybercrime,66,The accused was charged with cybercrime under IPC section 66. Evidence strength was Strong. 4 witnesses were presented in court. Prior criminal record: No.,Strong,4,No,4,19466,Convicted,"This case involves a charge of Cybercrime under IPC section 66. The prosecution presented evidence considered Strong in strength with testimony from 4 witnesses. The accused had no prior criminal record. Based on the evaluation of the facts and evidence, the accused was ultimately convicted by the court."
288,Drug Possession,21,The accused was charged with drug possession under IPC section 21. Evidence strength was Strong. 4 witnesses were presented in court. Prior criminal record: No.,Strong,4,No,4,14087,Convicted,"This case involves a charge of Drug Possession under IPC section 21. The prosecution presented evidence considered Strong in strength with testimony from 4 witnesses. The accused had no prior criminal record. Based on the evaluation of the facts and evidence, the accused was ultimately convicted by the court."
289,Smuggling,135,The accused was charged with smuggling under IPC section 135. Evidence strength was Weak. 2 witnesses were presented in court. Prior criminal record: Yes.,Weak,2,Yes,0,0,Acquitted,"This case involves a charge of Smuggling under IPC section 135. The prosecution presented evidence considered Weak in strength with testimony from 2 witnesses. The accused had no prior criminal record. Based on the evaluation of the facts and evidence, the accused was acquitted due to insufficient evidence."
290,Cybercrime,66,The accused was charged with cybercrime under IPC section 66. Evidence strength was Strong. 0 witnesses were presented in court. Prior criminal record: Yes.,Strong,0,Yes,3,6496,Convicted,"This case involves a charge of Cybercrime under IPC section 66. The prosecution presented evidence considered Strong in strength with testimony from 0 witnesses. The accused had no prior criminal record. Based on the evaluation of the facts and evidence, the accused was ultimately convicted by the court."
291,Assault,323,The accused was charged with assault under IPC section 323. Evidence strength was Moderate. 3 witnesses were presented in court. Prior criminal record: Yes.,Moderate,3,Yes,3,7010,Convicted,"This case involves a charge of Assault under IPC section 323. The prosecution presented evidence considered Moderate in strength with testimony from 3 witnesses. The accused had no prior criminal record. Based on the evaluation of the facts and evidence, the accused was ultimately convicted by the court."
292,Cheating,420,The accused was charged with cheating under IPC section 420. Evidence strength was Moderate. 2 witnesses were presented in court. Prior criminal record: Yes.,Moderate,2,Yes,0,0,Acquitted,"This case involves a charge of Cheating under IPC section 420. The prosecution presented evidence considered Moderate in strength with testimony from 2 witnesses. The accused had no prior criminal record. Based on the evaluation of the facts and evidence, the accused was acquitted due to insufficient evidence."
293,Murder,302,The accused was charged with murder under IPC section 302. Evidence strength was Moderate. 4 witnesses were presented in court. Prior criminal record: No.,Moderate,4,No,22,3674,Convicted,"This case involves a charge of Murder under IPC section 302. The prosecution presented evidence considered Moderate in strength with testimony from 4 witnesses. The accused had no prior criminal record. Based on the evaluation of the facts and evidence, the accused was ultimately convicted by the court."
294,Cybercrime,66,The accused was charged with cybercrime under IPC section 66. Evidence strength was Weak. 0 witnesses were presented in court. Prior criminal record: No.,Weak,0,No,3,26931,Convicted,"This case involves a charge of Cybercrime under IPC section 66. The prosecution presented evidence considered Weak in strength with testimony from 0 witnesses. The accused had no prior criminal record. Based on the evaluation of the facts and evidence, the accused was ultimately convicted by the court."
295,Assault,323,The accused was charged with assault under IPC section 323. Evidence strength was Weak. 0 witnesses were presented in court. Prior criminal record: No.,Weak,0,No,0,0,Acquitted,"This case involves a charge of Assault under IPC section 323. The prosecution presented evidence considered Weak in strength with testimony from 0 witnesses. The accused had no prior criminal record. Based on the evaluation of the facts and evidence, the accused was acquitted due to insufficient evidence."
296,Assault,323,The accused was charged with assault under IPC section 323. Evidence strength was Strong. 3 witnesses were presented in court. Prior criminal record: No.,Strong,3,No,0,6192,Convicted,"This case involves a charge of Assault under IPC section 323. The prosecution presented evidence considered Strong in strength with testimony from 3 witnesses. The accused had no prior criminal record. Based on the evaluation of the facts and evidence, the accused was ultimately convicted by the court."
297,Murder,302,The accused was charged with murder under IPC section 302. Evidence strength was Moderate. 1 witnesses were presented in court. Prior criminal record: Yes.,Moderate,1,Yes,0,0,Acquitted,"This case involves a charge of Murder under IPC section 302. The prosecution presented evidence considered Moderate in strength with testimony from 1 witnesses. The accused had no prior criminal record. Based on the evaluation of the facts and evidence, the accused was acquitted due to insufficient evidence."
298,Theft,379,The accused was charged with theft under IPC section 379. Evidence strength was Moderate. 1 witnesses were presented in court. Prior criminal record: No.,Moderate,1,No,1,8813,Convicted,"This case involves a charge of Theft under IPC section 379. The prosecution presented evidence considered Moderate in strength with testimony from 1 witnesses. The accused had no prior criminal record. Based on the evaluation of the facts and evidence, the accused was ultimately convicted by the court."
299,Drug Possession,21,The accused was charged with drug possession under IPC section 21. Evidence strength was Strong. 4 witnesses were presented in court. Prior criminal record: No.,Strong,4,No,3,8265,Convicted,"This case involves a charge of Drug Possession under IPC section 21. The prosecution presented evidence considered Strong in strength with testimony from 4 witnesses. The accused had no prior criminal record. Based on the evaluation of the facts and evidence, the accused was ultimately convicted by the court."
300,Corruption,13,The accused was charged with corruption under IPC section 13. Evidence strength was Strong. 4 witnesses were presented in court. Prior criminal record: Yes.,Strong,4,Yes,6,48090,Convicted,"This case involves a charge of Corruption under IPC section 13. The prosecution presented evidence considered Strong in strength with testimony from 4 witnesses. The accused had no prior criminal record. Based on the evaluation of the facts and evidence, the accused was ultimately convicted by the court."
301,Assault,323,The accused was charged with assault under IPC section 323. Evidence strength was Moderate. 3 witnesses were presented in court. Prior criminal record: Yes.,Moderate,3,Yes,2,16765,Convicted,"This case involves a charge of Assault under IPC section 323. The prosecution presented evidence considered Moderate in strength with testimony from 3 witnesses. The accused had no prior criminal record. Based on the evaluation of the facts and evidence, the accused was ultimately convicted by the court."
302,Smuggling,135,The accused was charged with smuggling under IPC section 135. Evidence strength was Moderate. 1 witnesses were presented in court. Prior criminal record: Yes.,Moderate,1,Yes,0,0,Acquitted,"This case involves a charge of Smuggling under IPC section 135. The prosecution presented evidence considered Moderate in strength with testimony from 1 witnesses. The accused had no prior criminal record. Based on the evaluation of the facts and evidence, the accused was acquitted due to insufficient evidence."
303,Theft,379,The accused was charged with theft under IPC section 379. Evidence strength was Strong. 4 witnesses were presented in court. Prior criminal record: Yes.,Strong,4,Yes,4,31810,Convicted,"This case involves a charge of Theft under IPC section 379. The prosecution presented evidence considered Strong in strength with testimony from 4 witnesses. The accused had no prior criminal record. Based on the evaluation of the facts and evidence, the accused was ultimately convicted by the court."
304,Murder,302,The accused was charged with murder under IPC section 302. Evidence strength was Strong. 3 witnesses were presented in court. Prior criminal record: No.,Strong,3,No,18,49976,Convicted,"This case involves a charge of Murder under IPC section 302. The prosecution presented evidence considered Strong in strength with testimony from 3 witnesses. The accused had no prior criminal record. Based on the evaluation of the facts and evidence, the accused was ultimately convicted by the court."
305,Murder,302,The accused was charged with murder under IPC section 302. Evidence strength was Moderate. 0 witnesses were presented in court. Prior criminal record: No.,Moderate,0,No,13,26280,Convicted,"This case involves a charge of Murder under IPC section 302. The prosecution presented evidence considered Moderate in strength with testimony from 0 witnesses. The accused had no prior criminal record. Based on the evaluation of the facts and evidence, the accused was ultimately convicted by the court."
306,Smuggling,135,The accused was charged with smuggling under IPC section 135. Evidence strength was Strong. 2 witnesses were presented in court. Prior criminal record: Yes.,Strong,2,Yes,2,24088,Convicted,"This case involves a charge of Smuggling under IPC section 135. The prosecution presented evidence considered Strong in strength with testimony from 2 witnesses. The accused had no prior criminal record. Based on the evaluation of the facts and evidence, the accused was ultimately convicted by the court."
307,Sexual Assault,376,The accused was charged with sexual assault under IPC section 376. Evidence strength was Moderate. 5 witnesses were presented in court. Prior criminal record: Yes.,Moderate,5,Yes,20,45871,Convicted,"This case involves a charge of Sexual Assault under IPC section 376. The prosecution presented evidence considered Moderate in strength with testimony from 5 witnesses. The accused had no prior criminal record. Based on the evaluation of the facts and evidence, the accused was ultimately convicted by the court."
308,Corruption,13,The accused was charged with corruption under IPC section 13. Evidence strength was Strong. 3 witnesses were presented in court. Prior criminal record: Yes.,Strong,3,Yes,5,5135,Convicted,"This case involves a charge of Corruption under IPC section 13. The prosecution presented evidence considered Strong in strength with testimony from 3 witnesses. The accused had no prior criminal record. Based on the evaluation of the facts and evidence, the accused was ultimately convicted by the court."
309,Corruption,13,The accused was charged with corruption under IPC section 13. Evidence strength was Weak. 2 witnesses were presented in court. Prior criminal record: Yes.,Weak,2,Yes,6,2373,Convicted,"This case involves a charge of Corruption under IPC section 13. The prosecution presented evidence considered Weak in strength with testimony from 2 witnesses. The accused had no prior criminal record. Based on the evaluation of the facts and evidence, the accused was ultimately convicted by the court."
310,Cybercrime,66,The accused was charged with cybercrime under IPC section 66. Evidence strength was Moderate. 4 witnesses were presented in court. Prior criminal record: No.,Moderate,4,No,0,0,Acquitted,"This case involves a charge of Cybercrime under IPC section 66. The prosecution presented evidence considered Moderate in strength with testimony from 4 witnesses. The accused had no prior criminal record. Based on the evaluation of the facts and evidence, the accused was acquitted due to insufficient evidence."
311,Kidnapping,363,The accused was charged with kidnapping under IPC section 363. Evidence strength was Weak. 5 witnesses were presented in court. Prior criminal record: Yes.,Weak,5,Yes,7,24394,Convicted,"This case involves a charge of Kidnapping under IPC section 363. The prosecution presented evidence considered Weak in strength with testimony from 5 witnesses. The accused had no prior criminal record. Based on the evaluation of the facts and evidence, the accused was ultimately convicted by the court."
312,Murder,302,The accused was charged with murder under IPC section 302. Evidence strength was Strong. 2 witnesses were presented in court. Prior criminal record: No.,Strong,2,No,13,25118,Convicted,"This case involves a charge of Murder under IPC section 302. The prosecution presented evidence considered Strong in strength with testimony from 2 witnesses. The accused had no prior criminal record. Based on the evaluation of the facts and evidence, the accused was ultimately convicted by the court."
313,Drug Possession,21,The accused was charged with drug possession under IPC section 21. Evidence strength was Moderate. 5 witnesses were presented in court. Prior criminal record: No.,Moderate,5,No,0,0,Acquitted,"This case involves a charge of Drug Possession under IPC section 21. The prosecution presented evidence considered Moderate in strength with testimony from 5 witnesses. The accused had no prior criminal record. Based on the evaluation of the facts and evidence, the accused was acquitted due to insufficient evidence."
314,Cybercrime,66,The accused was charged with cybercrime under IPC section 66. Evidence strength was Weak. 3 witnesses were presented in court. Prior criminal record: No.,Weak,3,No,0,0,Acquitted,"This case involves a charge of Cybercrime under IPC section 66. The prosecution presented evidence considered Weak in strength with testimony from 3 witnesses. The accused had no prior criminal record. Based on the evaluation of the facts and evidence, the accused was acquitted due to insufficient evidence."
315,Sexual Assault,376,The accused was charged with sexual assault under IPC section 376. Evidence strength was Moderate. 0 witnesses were presented in court. Prior criminal record: No.,Moderate,0,No,13,20741,Convicted,"This case involves a charge of Sexual Assault under IPC section 376. The prosecution presented evidence considered Moderate in strength with testimony from 0 witnesses. The accused had no prior criminal record. Based on the evaluation of the facts and evidence, the accused was ultimately convicted by the court."
316,Assault,323,The accused was charged with assault under IPC section 323. Evidence strength was Strong. 2 witnesses were presented in court. Prior criminal record: No.,Strong,2,No,0,6247,Convicted,"This case involves a charge of Assault under IPC section 323. The prosecution presented evidence considered Strong in strength with testimony from 2 witnesses. The accused had no prior criminal record. Based on the evaluation of the facts and evidence, the accused was ultimately convicted by the court."
317,Cybercrime,66,The accused was charged with cybercrime under IPC section 66. Evidence strength was Strong. 2 witnesses were presented in court. Prior criminal record: No.,Strong,2,No,4,40493,Convicted,"This case involves a charge of Cybercrime under IPC section 66. The prosecution presented evidence considered Strong in strength with testimony from 2 witnesses. The accused had no prior criminal record. Based on the evaluation of the facts and evidence, the accused was ultimately convicted by the court."
318,Drug Possession,21,The accused was charged with drug possession under IPC section 21. Evidence strength was Weak. 5 witnesses were presented in court. Prior criminal record: No.,Weak,5,No,0,0,Acquitted,"This case involves a charge of Drug Possession under IPC section 21. The prosecution presented evidence considered Weak in strength with testimony from 5 witnesses. The accused had no prior criminal record. Based on the evaluation of the facts and evidence, the accused was acquitted due to insufficient evidence."
319,Corruption,13,The accused was charged with corruption under IPC section 13. Evidence strength was Weak. 5 witnesses were presented in court. Prior criminal record: No.,Weak,5,No,0,0,Acquitted,"This case involves a charge of Corruption under IPC section 13. The prosecution presented evidence considered Weak in strength with testimony from 5 witnesses. The accused had no prior criminal record. Based on the evaluation of the facts and evidence, the accused was acquitted due to insufficient evidence."
320,Kidnapping,363,The accused was charged with kidnapping under IPC section 363. Evidence strength was Strong. 0 witnesses were presented in court. Prior criminal record: Yes.,Strong,0,Yes,9,24809,Convicted,"This case involves a charge of Kidnapping under IPC section 363. The prosecution presented evidence considered Strong in strength with testimony from 0 witnesses. The accused had no prior criminal record. Based on the evaluation of the facts and evidence, the accused was ultimately convicted by the court."
321,Sexual Assault,376,The accused was charged with sexual assault under IPC section 376. Evidence strength was Strong. 5 witnesses were presented in court. Prior criminal record: Yes.,Strong,5,Yes,7,10357,Convicted,"This case involves a charge of Sexual Assault under IPC section 376. The prosecution presented evidence considered Strong in strength with testimony from 5 witnesses. The accused had no prior criminal record. Based on the evaluation of the facts and evidence, the accused was ultimately convicted by the court."
322,Smuggling,135,The accused was charged with smuggling under IPC section 135. Evidence strength was Strong. 3 witnesses were presented in court. Prior criminal record: Yes.,Strong,3,Yes,3,5406,Convicted,"This case involves a charge of Smuggling under IPC section 135. The prosecution presented evidence considered Strong in strength with testimony from 3 witnesses. The accused had no prior criminal record. Based on the evaluation of the facts and evidence, the accused was ultimately convicted by the court."
323,Cheating,420,The accused was charged with cheating under IPC section 420. Evidence strength was Strong. 2 witnesses were presented in court. Prior criminal record: No.,Strong,2,No,5,38174,Convicted,"This case involves a charge of Cheating under IPC section 420. The prosecution presented evidence considered Strong in strength with testimony from 2 witnesses. The accused had no prior criminal record. Based on the evaluation of the facts and evidence, the accused was ultimately convicted by the court."
324,Murder,302,The accused was charged with murder under IPC section 302. Evidence strength was Strong. 1 witnesses were presented in court. Prior criminal record: No.,Strong,1,No,21,25380,Convicted,"This case involves a charge of Murder under IPC section 302. The prosecution presented evidence considered Strong in strength with testimony from 1 witnesses. The accused had no prior criminal record. Based on the evaluation of the facts and evidence, the accused was ultimately convicted by the court."
325,Corruption,13,The accused was charged with corruption under IPC section 13. Evidence strength was Weak. 4 witnesses were presented in court. Prior criminal record: Yes.,Weak,4,Yes,8,27085,Convicted,"This case involves a charge of Corruption under IPC section 13. The prosecution presented evidence considered Weak in strength with testimony from 4 witnesses. The accused had no prior criminal record. Based on the evaluation of the facts and evidence, the accused was ultimately convicted by the court."
326,Cybercrime,66,The accused was charged with cybercrime under IPC section 66. Evidence strength was Strong. 2 witnesses were presented in court. Prior criminal record: Yes.,Strong,2,Yes,1,2698,Convicted,"This case involves a charge of Cybercrime under IPC section 66. The prosecution presented evidence considered Strong in strength with testimony from 2 witnesses. The accused had no prior criminal record. Based on the evaluation of the facts and evidence, the accused was ultimately convicted by the court."
327,Assault,323,The accused was charged with assault under IPC section 323. Evidence strength was Moderate. 4 witnesses were presented in court. Prior criminal record: No.,Moderate,4,No,2,26394,Convicted,"This case involves a charge of Assault under IPC section 323. The prosecution presented evidence considered Moderate in strength with testimony from 4 witnesses. The accused had no prior criminal record. Based on the evaluation of the facts and evidence, the accused was ultimately convicted by the court."
328,Kidnapping,363,The accused was charged with kidnapping under IPC section 363. Evidence strength was Strong. 3 witnesses were presented in court. Prior criminal record: Yes.,Strong,3,Yes,7,46480,Convicted,"This case involves a charge of Kidnapping under IPC section 363. The prosecution presented evidence considered Strong in strength with testimony from 3 witnesses. The accused had no prior criminal record. Based on the evaluation of the facts and evidence, the accused was ultimately convicted by the court."
329,Corruption,13,The accused was charged with corruption under IPC section 13. Evidence strength was Weak. 0 witnesses were presented in court. Prior criminal record: Yes.,Weak,0,Yes,10,6657,Convicted,"This case involves a charge of Corruption under IPC section 13. The prosecution presented evidence considered Weak in strength with testimony from 0 witnesses. The accused had no prior criminal record. Based on the evaluation of the facts and evidence, the accused was ultimately convicted by the court."
330,Corruption,13,The accused was charged with corruption under IPC section 13. Evidence strength was Weak. 5 witnesses were presented in court. Prior criminal record: No.,Weak,5,No,0,0,Acquitted,"This case involves a charge of Corruption under IPC section 13. The prosecution presented evidence considered Weak in strength with testimony from 5 witnesses. The accused had no prior criminal record. Based on the evaluation of the facts and evidence, the accused was acquitted due to insufficient evidence."
331,Theft,379,The accused was charged with theft under IPC section 379. Evidence strength was Strong. 4 witnesses were presented in court. Prior criminal record: No.,Strong,4,No,3,11322,Convicted,"This case involves a charge of Theft under IPC section 379. The prosecution presented evidence considered Strong in strength with testimony from 4 witnesses. The accused had no prior criminal record. Based on the evaluation of the facts and evidence, the accused was ultimately convicted by the court."
332,Assault,323,The accused was charged with assault under IPC section 323. Evidence strength was Moderate. 4 witnesses were presented in court. Prior criminal record: Yes.,Moderate,4,Yes,0,14171,Convicted,"This case involves a charge of Assault under IPC section 323. The prosecution presented evidence considered Moderate in strength with testimony from 4 witnesses. The accused had no prior criminal record. Based on the evaluation of the facts and evidence, the accused was ultimately convicted by the court."
333,Assault,323,The accused was charged with assault under IPC section 323. Evidence strength was Weak. 3 witnesses were presented in court. Prior criminal record: Yes.,Weak,3,Yes,2,37308,Convicted,"This case involves a charge of Assault under IPC section 323. The prosecution presented evidence considered Weak in strength with testimony from 3 witnesses. The accused had no prior criminal record. Based on the evaluation of the facts and evidence, the accused was ultimately convicted by the court."
334,Smuggling,135,The accused was charged with smuggling under IPC section 135. Evidence strength was Moderate. 3 witnesses were presented in court. Prior criminal record: Yes.,Moderate,3,Yes,6,6650,Convicted,"This case involves a charge of Smuggling under IPC section 135. The prosecution presented evidence considered Moderate in strength with testimony from 3 witnesses. The accused had no prior criminal record. Based on the evaluation of the facts and evidence, the accused was ultimately convicted by the court."
335,Theft,379,The accused was charged with theft under IPC section 379. Evidence strength was Moderate. 3 witnesses were presented in court. Prior criminal record: No.,Moderate,3,No,0,0,Acquitted,"This case involves a charge of Theft under IPC section 379. The prosecution presented evidence considered Moderate in strength with testimony from 3 witnesses. The accused had no prior criminal record. Based on the evaluation of the facts and evidence, the accused was acquitted due to insufficient evidence."
336,Drug Possession,21,The accused was charged with drug possession under IPC section 21. Evidence strength was Strong. 0 witnesses were presented in court. Prior criminal record: Yes.,Strong,0,Yes,7,43096,Convicted,"This case involves a charge of Drug Possession under IPC section 21. The prosecution presented evidence considered Strong in strength with testimony from 0 witnesses. The accused had no prior criminal record. Based on the evaluation of the facts and evidence, the accused was ultimately convicted by the court."
337,Theft,379,The accused was charged with theft under IPC section 379. Evidence strength was Moderate. 3 witnesses were presented in court. Prior criminal record: No.,Moderate,3,No,5,21964,Convicted,"This case involves a charge of Theft under IPC section 379. The prosecution presented evidence considered Moderate in strength with testimony from 3 witnesses. The accused had no prior criminal record. Based on the evaluation of the facts and evidence, the accused was ultimately convicted by the court."
338,Smuggling,135,The accused was charged with smuggling under IPC section 135. Evidence strength was Weak. 1 witnesses were presented in court. Prior criminal record: No.,Weak,1,No,8,5068,Convicted,"This case involves a charge of Smuggling under IPC section 135. The prosecution presented evidence considered Weak in strength with testimony from 1 witnesses. The accused had no prior criminal record. Based on the evaluation of the facts and evidence, the accused was ultimately convicted by the court."
339,Sexual Assault,376,The accused was charged with sexual assault under IPC section 376. Evidence strength was Weak. 2 witnesses were presented in court. Prior criminal record: Yes.,Weak,2,Yes,12,24243,Convicted,"This case involves a charge of Sexual Assault under IPC section 376. The prosecution presented evidence considered Weak in strength with testimony from 2 witnesses. The accused had no prior criminal record. Based on the evaluation of the facts and evidence, the accused was ultimately convicted by the court."
340,Cheating,420,The accused was charged with cheating under IPC section 420. Evidence strength was Moderate. 4 witnesses were presented in court. Prior criminal record: No.,Moderate,4,No,4,7432,Convicted,"This case involves a charge of Cheating under IPC section 420. The prosecution presented evidence considered Moderate in strength with testimony from 4 witnesses. The accused had no prior criminal record. Based on the evaluation of the facts and evidence, the accused was ultimately convicted by the court."
341,Sexual Assault,376,The accused was charged with sexual assault under IPC section 376. Evidence strength was Moderate. 1 witnesses were presented in court. Prior criminal record: No.,Moderate,1,No,15,22003,Convicted,"This case involves a charge of Sexual Assault under IPC section 376. The prosecution presented evidence considered Moderate in strength with testimony from 1 witnesses. The accused had no prior criminal record. Based on the evaluation of the facts and evidence, the accused was ultimately convicted by the court."
342,Assault,323,The accused was charged with assault under IPC section 323. Evidence strength was Strong. 4 witnesses were presented in court. Prior criminal record: Yes.,Strong,4,Yes,1,44170,Convicted,"This case involves a charge of Assault under IPC section 323. The prosecution presented evidence considered Strong in strength with testimony from 4 witnesses. The accused had no prior criminal record. Based on the evaluation of the facts and evidence, the accused was ultimately convicted by the court."
343,Smuggling,135,The accused was charged with smuggling under IPC section 135. Evidence strength was Strong. 4 witnesses were presented in court. Prior criminal record: No.,Strong,4,No,8,37937,Convicted,"This case involves a charge of Smuggling under IPC section 135. The prosecution presented evidence considered Strong in strength with testimony from 4 witnesses. The accused had no prior criminal record. Based on the evaluation of the facts and evidence, the accused was ultimately convicted by the court."
344,Murder,302,The accused was charged with murder under IPC section 302. Evidence strength was Weak. 0 witnesses were presented in court. Prior criminal record: Yes.,Weak,0,Yes,0,0,Acquitted,"This case involves a charge of Murder under IPC section 302. The prosecution presented evidence considered Weak in strength with testimony from 0 witnesses. The accused had no prior criminal record. Based on the evaluation of the facts and evidence, the accused was acquitted due to insufficient evidence."
345,Cheating,420,The accused was charged with cheating under IPC section 420. Evidence strength was Strong. 3 witnesses were presented in court. Prior criminal record: Yes.,Strong,3,Yes,5,42101,Convicted,"This case involves a charge of Cheating under IPC section 420. The prosecution presented evidence considered Strong in strength with testimony from 3 witnesses. The accused had no prior criminal record. Based on the evaluation of the facts and evidence, the accused was ultimately convicted by the court."
346,Sexual Assault,376,The accused was charged with sexual assault under IPC section 376. Evidence strength was Moderate. 5 witnesses were presented in court. Prior criminal record: No.,Moderate,5,No,0,0,Acquitted,"This case involves a charge of Sexual Assault under IPC section 376. The prosecution presented evidence considered Moderate in strength with testimony from 5 witnesses. The accused had no prior criminal record. Based on the evaluation of the facts and evidence, the accused was acquitted due to insufficient evidence."
347,Cheating,420,The accused was charged with cheating under IPC section 420. Evidence strength was Strong. 3 witnesses were presented in court. Prior criminal record: No.,Strong,3,No,5,5782,Convicted,"This case involves a charge of Cheating under IPC section 420. The prosecution presented evidence considered Strong in strength with testimony from 3 witnesses. The accused had no prior criminal record. Based on the evaluation of the facts and evidence, the accused was ultimately convicted by the court."
348,Murder,302,The accused was charged with murder under IPC section 302. Evidence strength was Weak. 3 witnesses were presented in court. Prior criminal record: No.,Weak,3,No,0,0,Acquitted,"This case involves a charge of Murder under IPC section 302. The prosecution presented evidence considered Weak in strength with testimony from 3 witnesses. The accused had no prior criminal record. Based on the evaluation of the facts and evidence, the accused was acquitted due to insufficient evidence."
349,Corruption,13,The accused was charged with corruption under IPC section 13. Evidence strength was Weak. 2 witnesses were presented in court. Prior criminal record: Yes.,Weak,2,Yes,0,0,Acquitted,"This case involves a charge of Corruption under IPC section 13. The prosecution presented evidence considered Weak in strength with testimony from 2 witnesses. The accused had no prior criminal record. Based on the evaluation of the facts and evidence, the accused was acquitted due to insufficient evidence."
350,Cybercrime,66,The accused was charged with cybercrime under IPC section 66. Evidence strength was Strong. 2 witnesses were presented in court. Prior criminal record: No.,Strong,2,No,2,25283,Convicted,"This case involves a charge of Cybercrime under IPC section 66. The prosecution presented evidence considered Strong in strength with testimony from 2 witnesses. The accused had no prior criminal record. Based on the evaluation of the facts and evidence, the accused was ultimately convicted by the court."
351,Sexual Assault,376,The accused was charged with sexual assault under IPC section 376. Evidence strength was Strong. 0 witnesses were presented in court. Prior criminal record: No.,Strong,0,No,10,31570,Convicted,"This case involves a charge of Sexual Assault under IPC section 376. The prosecution presented evidence considered Strong in strength with testimony from 0 witnesses. The accused had no prior criminal record. Based on the evaluation of the facts and evidence, the accused was ultimately convicted by the court."
352,Theft,379,The accused was charged with theft under IPC section 379. Evidence strength was Moderate. 3 witnesses were presented in court. Prior criminal record: Yes.,Moderate,3,Yes,2,7344,Convicted,"This case involves a charge of Theft under IPC section 379. The prosecution presented evidence considered Moderate in strength with testimony from 3 witnesses. The accused had no prior criminal record. Based on the evaluation of the facts and evidence, the accused was ultimately convicted by the court."
353,Murder,302,The accused was charged with murder under IPC section 302. Evidence strength was Moderate. 3 witnesses were presented in court. Prior criminal record: No.,Moderate,3,No,15,27656,Convicted,"This case involves a charge of Murder under IPC section 302. The prosecution presented evidence considered Moderate in strength with testimony from 3 witnesses. The accused had no prior criminal record. Based on the evaluation of the facts and evidence, the accused was ultimately convicted by the court."
354,Cybercrime,66,The accused was charged with cybercrime under IPC section 66. Evidence strength was Strong. 5 witnesses were presented in court. Prior criminal record: No.,Strong,5,No,2,11442,Convicted,"This case involves a charge of Cybercrime under IPC section 66. The prosecution presented evidence considered Strong in strength with testimony from 5 witnesses. The accused had no prior criminal record. Based on the evaluation of the facts and evidence, the accused was ultimately convicted by the court."
355,Corruption,13,The accused was charged with corruption under IPC section 13. Evidence strength was Strong. 3 witnesses were presented in court. Prior criminal record: No.,Strong,3,No,7,33595,Convicted,"This case involves a charge of Corruption under IPC section 13. The prosecution presented evidence considered Strong in strength with testimony from 3 witnesses. The accused had no prior criminal record. Based on the evaluation of the facts and evidence, the accused was ultimately convicted by the court."
356,Murder,302,The accused was charged with murder under IPC section 302. Evidence strength was Weak. 3 witnesses were presented in court. Prior criminal record: No.,Weak,3,No,16,20115,Convicted,"This case involves a charge of Murder under IPC section 302. The prosecution presented evidence considered Weak in strength with testimony from 3 witnesses. The accused had no prior criminal record. Based on the evaluation of the facts and evidence, the accused was ultimately convicted by the court."
357,Cybercrime,66,The accused was charged with cybercrime under IPC section 66. Evidence strength was Weak. 0 witnesses were presented in court. Prior criminal record: No.,Weak,0,No,0,0,Acquitted,"This case involves a charge of Cybercrime under IPC section 66. The prosecution presented evidence considered Weak in strength with testimony from 0 witnesses. The accused had no prior criminal record. Based on the evaluation of the facts and evidence, the accused was acquitted due to insufficient evidence."
358,Smuggling,135,The accused was charged with smuggling under IPC section 135. Evidence strength was Strong. 5 witnesses were presented in court. Prior criminal record: No.,Strong,5,No,4,36172,Convicted,"This case involves a charge of Smuggling under IPC section 135. The prosecution presented evidence considered Strong in strength with testimony from 5 witnesses. The accused had no prior criminal record. Based on the evaluation of the facts and evidence, the accused was ultimately convicted by the court."
359,Murder,302,The accused was charged with murder under IPC section 302. Evidence strength was Weak. 3 witnesses were presented in court. Prior criminal record: Yes.,Weak,3,Yes,18,48677,Convicted,"This case involves a charge of Murder under IPC section 302. The prosecution presented evidence considered Weak in strength with testimony from 3 witnesses. The accused had no prior criminal record. Based on the evaluation of the facts and evidence, the accused was ultimately convicted by the court."
360,Cybercrime,66,The accused was charged with cybercrime under IPC section 66. Evidence strength was Moderate. 2 witnesses were presented in court. Prior criminal record: Yes.,Moderate,2,Yes,0,0,Acquitted,"This case involves a charge of Cybercrime under IPC section 66. The prosecution presented evidence considered Moderate in strength with testimony from 2 witnesses. The accused had no prior criminal record. Based on the evaluation of the facts and evidence, the accused was acquitted due to insufficient evidence."
361,Murder,302,The accused was charged with murder under IPC section 302. Evidence strength was Strong. 4 witnesses were presented in court. Prior criminal record: Yes.,Strong,4,Yes,21,37256,Convicted,"This case involves a charge of Murder under IPC section 302. The prosecution presented evidence considered Strong in strength with testimony from 4 witnesses. The accused had no prior criminal record. Based on the evaluation of the facts and evidence, the accused was ultimately convicted by the court."
362,Kidnapping,363,The accused was charged with kidnapping under IPC section 363. Evidence strength was Weak. 3 witnesses were presented in court. Prior criminal record: No.,Weak,3,No,0,0,Acquitted,"This case involves a charge of Kidnapping under IPC section 363. The prosecution presented evidence considered Weak in strength with testimony from 3 witnesses. The accused had no prior criminal record. Based on the evaluation of the facts and evidence, the accused was acquitted due to insufficient evidence."
363,Smuggling,135,The accused was charged with smuggling under IPC section 135. Evidence strength was Strong. 4 witnesses were presented in court. Prior criminal record: Yes.,Strong,4,Yes,3,7336,Convicted,"This case involves a charge of Smuggling under IPC section 135. The prosecution presented evidence considered Strong in strength with testimony from 4 witnesses. The accused had no prior criminal record. Based on the evaluation of the facts and evidence, the accused was ultimately convicted by the court."
364,Drug Possession,21,The accused was charged with drug possession under IPC section 21. Evidence strength was Moderate. 2 witnesses were presented in court. Prior criminal record: No.,Moderate,2,No,5,20741,Convicted,"This case involves a charge of Drug Possession under IPC section 21. The prosecution presented evidence considered Moderate in strength with testimony from 2 witnesses. The accused had no prior criminal record. Based on the evaluation of the facts and evidence, the accused was ultimately convicted by the court."
365,Sexual Assault,376,The accused was charged with sexual assault under IPC section 376. Evidence strength was Moderate. 4 witnesses were presented in court. Prior criminal record: Yes.,Moderate,4,Yes,7,3550,Convicted,"This case involves a charge of Sexual Assault under IPC section 376. The prosecution presented evidence considered Moderate in strength with testimony from 4 witnesses. The accused had no prior criminal record. Based on the evaluation of the facts and evidence, the accused was ultimately convicted by the court."
366,Assault,323,The accused was charged with assault under IPC section 323. Evidence strength was Strong. 2 witnesses were presented in court. Prior criminal record: No.,Strong,2,No,3,10760,Convicted,"This case involves a charge of Assault under IPC section 323. The prosecution presented evidence considered Strong in strength with testimony from 2 witnesses. The accused had no prior criminal record. Based on the evaluation of the facts and evidence, the accused was ultimately convicted by the court."
367,Smuggling,135,The accused was charged with smuggling under IPC section 135. Evidence strength was Strong. 1 witnesses were presented in court. Prior criminal record: No.,Strong,1,No,6,21875,Convicted,"This case involves a charge of Smuggling under IPC section 135. The prosecution presented evidence considered Strong in strength with testimony from 1 witnesses. The accused had no prior criminal record. Based on the evaluation of the facts and evidence, the accused was ultimately convicted by the court."
368,Assault,323,The accused was charged with assault under IPC section 323. Evidence strength was Moderate. 4 witnesses were presented in court. Prior criminal record: No.,Moderate,4,No,0,0,Acquitted,"This case involves a charge of Assault under IPC section 323. The prosecution presented evidence considered Moderate in strength with testimony from 4 witnesses. The accused had no prior criminal record. Based on the evaluation of the facts and evidence, the accused was acquitted due to insufficient evidence."
369,Sexual Assault,376,The accused was charged with sexual assault under IPC section 376. Evidence strength was Strong. 4 witnesses were presented in court. Prior criminal record: No.,Strong,4,No,18,37891,Convicted,"This case involves a charge of Sexual Assault under IPC section 376. The prosecution presented evidence considered Strong in strength with testimony from 4 witnesses. The accused had no prior criminal record. Based on the evaluation of the facts and evidence, the accused was ultimately convicted by the court."
370,Kidnapping,363,The accused was charged with kidnapping under IPC section 363. Evidence strength was Moderate. 0 witnesses were presented in court. Prior criminal record: No.,Moderate,0,No,0,0,Acquitted,"This case involves a charge of Kidnapping under IPC section 363. The prosecution presented evidence considered Moderate in strength with testimony from 0 witnesses. The accused had no prior criminal record. Based on the evaluation of the facts and evidence, the accused was acquitted due to insufficient evidence."
371,Theft,379,The accused was charged with theft under IPC section 379. Evidence strength was Moderate. 4 witnesses were presented in court. Prior criminal record: No.,Moderate,4,No,5,16551,Convicted,"This case involves a charge of Theft under IPC section 379. The prosecution presented evidence considered Moderate in strength with testimony from 4 witnesses. The accused had no prior criminal record. Based on the evaluation of the facts and evidence, the accused was ultimately convicted by the court."
372,Kidnapping,363,The accused was charged with kidnapping under IPC section 363. Evidence strength was Strong. 4 witnesses were presented in court. Prior criminal record: Yes.,Strong,4,Yes,3,39241,Convicted,"This case involves a charge of Kidnapping under IPC section 363. The prosecution presented evidence considered Strong in strength with testimony from 4 witnesses. The accused had no prior criminal record. Based on the evaluation of the facts and evidence, the accused was ultimately convicted by the court."
373,Corruption,13,The accused was charged with corruption under IPC section 13. Evidence strength was Weak. 4 witnesses were presented in court. Prior criminal record: No.,Weak,4,No,6,2034,Convicted,"This case involves a charge of Corruption under IPC section 13. The prosecution presented evidence considered Weak in strength with testimony from 4 witnesses. The accused had no prior criminal record. Based on the evaluation of the facts and evidence, the accused was ultimately convicted by the court."
374,Smuggling,135,The accused was charged with smuggling under IPC section 135. Evidence strength was Strong. 0 witnesses were presented in court. Prior criminal record: Yes.,Strong,0,Yes,2,29903,Convicted,"This case involves a charge of Smuggling under IPC section 135. The prosecution presented evidence considered Strong in strength with testimony from 0 witnesses. The accused had no prior criminal record. Based on the evaluation of the facts and evidence, the accused was ultimately convicted by the court."
375,Cybercrime,66,The accused was charged with cybercrime under IPC section 66. Evidence strength was Moderate. 1 witnesses were presented in court. Prior criminal record: No.,Moderate,1,No,4,17443,Convicted,"This case involves a charge of Cybercrime under IPC section 66. The prosecution presented evidence considered Moderate in strength with testimony from 1 witnesses. The accused had no prior criminal record. Based on the evaluation of the facts and evidence, the accused was ultimately convicted by the court."
376,Smuggling,135,The accused was charged with smuggling under IPC section 135. Evidence strength was Moderate. 5 witnesses were presented in court. Prior criminal record: Yes.,Moderate,5,Yes,7,10049,Convicted,"This case involves a charge of Smuggling under IPC section 135. The prosecution presented evidence considered Moderate in strength with testimony from 5 witnesses. The accused had no prior criminal record. Based on the evaluation of the facts and evidence, the accused was ultimately convicted by the court."
377,Sexual Assault,376,The accused was charged with sexual assault under IPC section 376. Evidence strength was Weak. 4 witnesses were presented in court. Prior criminal record: No.,Weak,4,No,0,0,Acquitted,"This case involves a charge of Sexual Assault under IPC section 376. The prosecution presented evidence considered Weak in strength with testimony from 4 witnesses. The accused had no prior criminal record. Based on the evaluation of the facts and evidence, the accused was acquitted due to insufficient evidence."
378,Sexual Assault,376,The accused was charged with sexual assault under IPC section 376. Evidence strength was Moderate. 2 witnesses were presented in court. Prior criminal record: Yes.,Moderate,2,Yes,0,0,Acquitted,"This case involves a charge of Sexual Assault under IPC section 376. The prosecution presented evidence considered Moderate in strength with testimony from 2 witnesses. The accused had no prior criminal record. Based on the evaluation of the facts and evidence, the accused was acquitted due to insufficient evidence."
379,Sexual Assault,376,The accused was charged with sexual assault under IPC section 376. Evidence strength was Moderate. 4 witnesses were presented in court. Prior criminal record: No.,Moderate,4,No,0,0,Acquitted,"This case involves a charge of Sexual Assault under IPC section 376. The prosecution presented evidence considered Moderate in strength with testimony from 4 witnesses. The accused had no prior criminal record. Based on the evaluation of the facts and evidence, the accused was acquitted due to insufficient evidence."
380,Smuggling,135,The accused was charged with smuggling under IPC section 135. Evidence strength was Moderate. 1 witnesses were presented in court. Prior criminal record: Yes.,Moderate,1,Yes,0,0,Acquitted,"This case involves a charge of Smuggling under IPC section 135. The prosecution presented evidence considered Moderate in strength with testimony from 1 witnesses. The accused had no prior criminal record. Based on the evaluation of the facts and evidence, the accused was acquitted due to insufficient evidence."
381,Sexual Assault,376,The accused was charged with sexual assault under IPC section 376. Evidence strength was Moderate. 1 witnesses were presented in court. Prior criminal record: No.,Moderate,1,No,0,0,Acquitted,"This case involves a charge of Sexual Assault under IPC section 376. The prosecution presented evidence considered Moderate in strength with testimony from 1 witnesses. The accused had no prior criminal record. Based on the evaluation of the facts and evidence, the accused was acquitted due to insufficient evidence."
382,Cheating,420,The accused was charged with cheating under IPC section 420. Evidence strength was Strong. 5 witnesses were presented in court. Prior criminal record: No.,Strong,5,No,4,32444,Convicted,"This case involves a charge of Cheating under IPC section 420. The prosecution presented evidence considered Strong in strength with testimony from 5 witnesses. The accused had no prior criminal record. Based on the evaluation of the facts and evidence, the accused was ultimately convicted by the court."
383,Cybercrime,66,The accused was charged with cybercrime under IPC section 66. Evidence strength was Strong. 5 witnesses were presented in court. Prior criminal record: No.,Strong,5,No,3,8987,Convicted,"This case involves a charge of Cybercrime under IPC section 66. The prosecution presented evidence considered Strong in strength with testimony from 5 witnesses. The accused had no prior criminal record. Based on the evaluation of the facts and evidence, the accused was ultimately convicted by the court."
384,Smuggling,135,The accused was charged with smuggling under IPC section 135. Evidence strength was Strong. 4 witnesses were presented in court. Prior criminal record: No.,Strong,4,No,5,23618,Convicted,"This case involves a charge of Smuggling under IPC section 135. The prosecution presented evidence considered Strong in strength with testimony from 4 witnesses. The accused had no prior criminal record. Based on the evaluation of the facts and evidence, the accused was ultimately convicted by the court."
385,Assault,323,The accused was charged with assault under IPC section 323. Evidence strength was Moderate. 0 witnesses were presented in court. Prior criminal record: No.,Moderate,0,No,2,15495,Convicted,"This case involves a charge of Assault under IPC section 323. The prosecution presented evidence considered Moderate in strength with testimony from 0 witnesses. The accused had no prior criminal record. Based on the evaluation of the facts and evidence, the accused was ultimately convicted by the court."
386,Kidnapping,363,The accused was charged with kidnapping under IPC section 363. Evidence strength was Strong. 3 witnesses were presented in court. Prior criminal record: Yes.,Strong,3,Yes,6,36296,Convicted,"This case involves a charge of Kidnapping under IPC section 363. The prosecution presented evidence considered Strong in strength with testimony from 3 witnesses. The accused had no prior criminal record. Based on the evaluation of the facts and evidence, the accused was ultimately convicted by the court."
387,Kidnapping,363,The accused was charged with kidnapping under IPC section 363. Evidence strength was Strong. 5 witnesses were presented in court. Prior criminal record: No.,Strong,5,No,5,8158,Convicted,"This case involves a charge of Kidnapping under IPC section 363. The prosecution presented evidence considered Strong in strength with testimony from 5 witnesses. The accused had no prior criminal record. Based on the evaluation of the facts and evidence, the accused was ultimately convicted by the court."
388,Smuggling,135,The accused was charged with smuggling under IPC section 135. Evidence strength was Strong. 4 witnesses were presented in court. Prior criminal record: Yes.,Strong,4,Yes,3,4326,Convicted,"This case involves a charge of Smuggling under IPC section 135. The prosecution presented evidence considered Strong in strength with testimony from 4 witnesses. The accused had no prior criminal record. Based on the evaluation of the facts and evidence, the accused was ultimately convicted by the court."
389,Sexual Assault,376,The accused was charged with sexual assault under IPC section 376. Evidence strength was Weak. 5 witnesses were presented in court. Prior criminal record: Yes.,Weak,5,Yes,7,7566,Convicted,"This case involves a charge of Sexual Assault under IPC section 376. The prosecution presented evidence considered Weak in strength with testimony from 5 witnesses. The accused had no prior criminal record. Based on the evaluation of the facts and evidence, the accused was ultimately convicted by the court."
390,Drug Possession,21,The accused was charged with drug possession under IPC section 21. Evidence strength was Moderate. 5 witnesses were presented in court. Prior criminal record: No.,Moderate,5,No,4,1169,Convicted,"This case involves a charge of Drug Possession under IPC section 21. The prosecution presented evidence considered Moderate in strength with testimony from 5 witnesses. The accused had no prior criminal record. Based on the evaluation of the facts and evidence, the accused was ultimately convicted by the court."
391,Sexual Assault,376,The accused was charged with sexual assault under IPC section 376. Evidence strength was Weak. 3 witnesses were presented in court. Prior criminal record: No.,Weak,3,No,0,0,Acquitted,"This case involves a charge of Sexual Assault under IPC section 376. The prosecution presented evidence considered Weak in strength with testimony from 3 witnesses. The accused had no prior criminal record. Based on the evaluation of the facts and evidence, the accused was acquitted due to insufficient evidence."
392,Cheating,420,The accused was charged with cheating under IPC section 420. Evidence strength was Moderate. 2 witnesses were presented in court. Prior criminal record: No.,Moderate,2,No,2,22374,Convicted,"This case involves a charge of Cheating under IPC section 420. The prosecution presented evidence considered Moderate in strength with testimony from 2 witnesses. The accused had no prior criminal record. Based on the evaluation of the facts and evidence, the accused was ultimately convicted by the court."
393,Smuggling,135,The accused was charged with smuggling under IPC section 135. Evidence strength was Weak. 4 witnesses were presented in court. Prior criminal record: Yes.,Weak,4,Yes,3,28386,Convicted,"This case involves a charge of Smuggling under IPC section 135. The prosecution presented evidence considered Weak in strength with testimony from 4 witnesses. The accused had no prior criminal record. Based on the evaluation of the facts and evidence, the accused was ultimately convicted by the court."
394,Assault,323,The accused was charged with assault under IPC section 323. Evidence strength was Weak. 3 witnesses were presented in court. Prior criminal record: No.,Weak,3,No,2,29729,Convicted,"This case involves a charge of Assault under IPC section 323. The prosecution presented evidence considered Weak in strength with testimony from 3 witnesses. The accused had no prior criminal record. Based on the evaluation of the facts and evidence, the accused was ultimately convicted by the court."
395,Murder,302,The accused was charged with murder under IPC section 302. Evidence strength was Weak. 2 witnesses were presented in court. Prior criminal record: Yes.,Weak,2,Yes,0,0,Acquitted,"This case involves a charge of Murder under IPC section 302. The prosecution presented evidence considered Weak in strength with testimony from 2 witnesses. The accused had no prior criminal record. Based on the evaluation of the facts and evidence, the accused was acquitted due to insufficient evidence."
396,Kidnapping,363,The accused was charged with kidnapping under IPC section 363. Evidence strength was Moderate. 5 witnesses were presented in court. Prior criminal record: No.,Moderate,5,No,10,9940,Convicted,"This case involves a charge of Kidnapping under IPC section 363. The prosecution presented evidence considered Moderate in strength with testimony from 5 witnesses. The accused had no prior criminal record. Based on the evaluation of the facts and evidence, the accused was ultimately convicted by the court."
397,Cheating,420,The accused was charged with cheating under IPC section 420. Evidence strength was Weak. 2 witnesses were presented in court. Prior criminal record: Yes.,Weak,2,Yes,0,0,Acquitted,"This case involves a charge of Cheating under IPC section 420. The prosecution presented evidence considered Weak in strength with testimony from 2 witnesses. The accused had no prior criminal record. Based on the evaluation of the facts and evidence, the accused was acquitted due to insufficient evidence."
398,Kidnapping,363,The accused was charged with kidnapping under IPC section 363. Evidence strength was Strong. 1 witnesses were presented in court. Prior criminal record: Yes.,Strong,1,Yes,8,20334,Convicted,"This case involves a charge of Kidnapping under IPC section 363. The prosecution presented evidence considered Strong in strength with testimony from 1 witnesses. The accused had no prior criminal record. Based on the evaluation of the facts and evidence, the accused was ultimately convicted by the court."
399,Smuggling,135,The accused was charged with smuggling under IPC section 135. Evidence strength was Strong. 1 witnesses were presented in court. Prior criminal record: Yes.,Strong,1,Yes,6,42859,Convicted,"This case involves a charge of Smuggling under IPC section 135. The prosecution presented evidence considered Strong in strength with testimony from 1 witnesses. The accused had no prior criminal record. Based on the evaluation of the facts and evidence, the accused was ultimately convicted by the court."
400,Drug Possession,21,The accused was charged with drug possession under IPC section 21. Evidence strength was Moderate. 4 witnesses were presented in court. Prior criminal record: No.,Moderate,4,No,8,22930,Convicted,"This case involves a charge of Drug Possession under IPC section 21. The prosecution presented evidence considered Moderate in strength with testimony from 4 witnesses. The accused had no prior criminal record. Based on the evaluation of the facts and evidence, the accused was ultimately convicted by the court."
401,Theft,379,The accused was charged with theft under IPC section 379. Evidence strength was Weak. 1 witnesses were presented in court. Prior criminal record: No.,Weak,1,No,0,0,Acquitted,"This case involves a charge of Theft under IPC section 379. The prosecution presented evidence considered Weak in strength with testimony from 1 witnesses. The accused had no prior criminal record. Based on the evaluation of the facts and evidence, the accused was acquitted due to insufficient evidence."
402,Cheating,420,The accused was charged with cheating under IPC section 420. Evidence strength was Weak. 2 witnesses were presented in court. Prior criminal record: No.,Weak,2,No,5,25699,Convicted,"This case involves a charge of Cheating under IPC section 420. The prosecution presented evidence considered Weak in strength with testimony from 2 witnesses. The accused had no prior criminal record. Based on the evaluation of the facts and evidence, the accused was ultimately convicted by the court."
403,Kidnapping,363,The accused was charged with kidnapping under IPC section 363. Evidence strength was Moderate. 2 witnesses were presented in court. Prior criminal record: Yes.,Moderate,2,Yes,0,0,Acquitted,"This case involves a charge of Kidnapping under IPC section 363. The prosecution presented evidence considered Moderate in strength with testimony from 2 witnesses. The accused had no prior criminal record. Based on the evaluation of the facts and evidence, the accused was acquitted due to insufficient evidence."
404,Cybercrime,66,The accused was charged with cybercrime under IPC section 66. Evidence strength was Strong. 1 witnesses were presented in court. Prior criminal record: Yes.,Strong,1,Yes,1,31500,Convicted,"This case involves a charge of Cybercrime under IPC section 66. The prosecution presented evidence considered Strong in strength with testimony from 1 witnesses. The accused had no prior criminal record. Based on the evaluation of the facts and evidence, the accused was ultimately convicted by the court."
405,Kidnapping,363,The accused was charged with kidnapping under IPC section 363. Evidence strength was Weak. 3 witnesses were presented in court. Prior criminal record: No.,Weak,3,No,7,13043,Convicted,"This case involves a charge of Kidnapping under IPC section 363. The prosecution presented evidence considered Weak in strength with testimony from 3 witnesses. The accused had no prior criminal record. Based on the evaluation of the facts and evidence, the accused was ultimately convicted by the court."
406,Smuggling,135,The accused was charged with smuggling under IPC section 135. Evidence strength was Weak. 1 witnesses were presented in court. Prior criminal record: Yes.,Weak,1,Yes,0,0,Acquitted,"This case involves a charge of Smuggling under IPC section 135. The prosecution presented evidence considered Weak in strength with testimony from 1 witnesses. The accused had no prior criminal record. Based on the evaluation of the facts and evidence, the accused was acquitted due to insufficient evidence."
407,Assault,323,The accused was charged with assault under IPC section 323. Evidence strength was Moderate. 5 witnesses were presented in court. Prior criminal record: No.,Moderate,5,No,0,0,Acquitted,"This case involves a charge of Assault under IPC section 323. The prosecution presented evidence considered Moderate in strength with testimony from 5 witnesses. The accused had no prior criminal record. Based on the evaluation of the facts and evidence, the accused was acquitted due to insufficient evidence."
408,Sexual Assault,376,The accused was charged with sexual assault under IPC section 376. Evidence strength was Moderate. 4 witnesses were presented in court. Prior criminal record: Yes.,Moderate,4,Yes,19,17217,Convicted,"This case involves a charge of Sexual Assault under IPC section 376. The prosecution presented evidence considered Moderate in strength with testimony from 4 witnesses. The accused had no prior criminal record. Based on the evaluation of the facts and evidence, the accused was ultimately convicted by the court."
409,Smuggling,135,The accused was charged with smuggling under IPC section 135. Evidence strength was Weak. 4 witnesses were presented in court. Prior criminal record: No.,Weak,4,No,0,0,Acquitted,"This case involves a charge of Smuggling under IPC section 135. The prosecution presented evidence considered Weak in strength with testimony from 4 witnesses. The accused had no prior criminal record. Based on the evaluation of the facts and evidence, the accused was acquitted due to insufficient evidence."
410,Theft,379,The accused was charged with theft under IPC section 379. Evidence strength was Strong. 0 witnesses were presented in court. Prior criminal record: Yes.,Strong,0,Yes,5,34127,Convicted,"This case involves a charge of Theft under IPC section 379. The prosecution presented evidence considered Strong in strength with testimony from 0 witnesses. The accused had no prior criminal record. Based on the evaluation of the facts and evidence, the accused was ultimately convicted by the court."
411,Cheating,420,The accused was charged with cheating under IPC section 420. Evidence strength was Strong. 4 witnesses were presented in court. Prior criminal record: Yes.,Strong,4,Yes,3,22503,Convicted,"This case involves a charge of Cheating under IPC section 420. The prosecution presented evidence considered Strong in strength with testimony from 4 witnesses. The accused had no prior criminal record. Based on the evaluation of the facts and evidence, the accused was ultimately convicted by the court."
412,Sexual Assault,376,The accused was charged with sexual assault under IPC section 376. Evidence strength was Moderate. 0 witnesses were presented in court. Prior criminal record: Yes.,Moderate,0,Yes,0,0,Acquitted,"This case involves a charge of Sexual Assault under IPC section 376. The prosecution presented evidence considered Moderate in strength with testimony from 0 witnesses. The accused had no prior criminal record. Based on the evaluation of the facts and evidence, the accused was acquitted due to insufficient evidence."
413,Theft,379,The accused was charged with theft under IPC section 379. Evidence strength was Strong. 3 witnesses were presented in court. Prior criminal record: Yes.,Strong,3,Yes,4,9647,Convicted,"This case involves a charge of Theft under IPC section 379. The prosecution presented evidence considered Strong in strength with testimony from 3 witnesses. The accused had no prior criminal record. Based on the evaluation of the facts and evidence, the accused was ultimately convicted by the court."
414,Sexual Assault,376,The accused was charged with sexual assault under IPC section 376. Evidence strength was Moderate. 3 witnesses were presented in court. Prior criminal record: Yes.,Moderate,3,Yes,15,31302,Convicted,"This case involves a charge of Sexual Assault under IPC section 376. The prosecution presented evidence considered Moderate in strength with testimony from 3 witnesses. The accused had no prior criminal record. Based on the evaluation of the facts and evidence, the accused was ultimately convicted by the court."
415,Kidnapping,363,The accused was charged with kidnapping under IPC section 363. Evidence strength was Strong. 0 witnesses were presented in court. Prior criminal record: No.,Strong,0,No,7,1197,Convicted,"This case involves a charge of Kidnapping under IPC section 363. The prosecution presented evidence considered Strong in strength with testimony from 0 witnesses. The accused had no prior criminal record. Based on the evaluation of the facts and evidence, the accused was ultimately convicted by the court."
416,Cheating,420,The accused was charged with cheating under IPC section 420. Evidence strength was Strong. 0 witnesses were presented in court. Prior criminal record: Yes.,Strong,0,Yes,5,23579,Convicted,"This case involves a charge of Cheating under IPC section 420. The prosecution presented evidence considered Strong in strength with testimony from 0 witnesses. The accused had no prior criminal record. Based on the evaluation of the facts and evidence, the accused was ultimately convicted by the court."
417,Theft,379,The accused was charged with theft under IPC section 379. Evidence strength was Strong. 0 witnesses were presented in court. Prior criminal record: Yes.,Strong,0,Yes,4,3079,Convicted,"This case involves a charge of Theft under IPC section 379. The prosecution presented evidence considered Strong in strength with testimony from 0 witnesses. The accused had no prior criminal record. Based on the evaluation of the facts and evidence, the accused was ultimately convicted by the court."
418,Kidnapping,363,The accused was charged with kidnapping under IPC section 363. Evidence strength was Moderate. 1 witnesses were presented in court. Prior criminal record: Yes.,Moderate,1,Yes,0,0,Acquitted,"This case involves a charge of Kidnapping under IPC section 363. The prosecution presented evidence considered Moderate in strength with testimony from 1 witnesses. The accused had no prior criminal record. Based on the evaluation of the facts and evidence, the accused was acquitted due to insufficient evidence."
419,Cybercrime,66,The accused was charged with cybercrime under IPC section 66. Evidence strength was Moderate. 3 witnesses were presented in court. Prior criminal record: No.,Moderate,3,No,0,0,Acquitted,"This case involves a charge of Cybercrime under IPC section 66. The prosecution presented evidence considered Moderate in strength with testimony from 3 witnesses. The accused had no prior criminal record. Based on the evaluation of the facts and evidence, the accused was acquitted due to insufficient evidence."
420,Theft,379,The accused was charged with theft under IPC section 379. Evidence strength was Strong. 5 witnesses were presented in court. Prior criminal record: Yes.,Strong,5,Yes,3,8774,Convicted,"This case involves a charge of Theft under IPC section 379. The prosecution presented evidence considered Strong in strength with testimony from 5 witnesses. The accused had no prior criminal record. Based on the evaluation of the facts and evidence, the accused was ultimately convicted by the court."
421,Assault,323,The accused was charged with assault under IPC section 323. Evidence strength was Strong. 3 witnesses were presented in court. Prior criminal record: Yes.,Strong,3,Yes,1,1227,Convicted,"This case involves a charge of Assault under IPC section 323. The prosecution presented evidence considered Strong in strength with testimony from 3 witnesses. The accused had no prior criminal record. Based on the evaluation of the facts and evidence, the accused was ultimately convicted by the court."
422,Murder,302,The accused was charged with murder under IPC section 302. Evidence strength was Moderate. 3 witnesses were presented in court. Prior criminal record: No.,Moderate,3,No,0,0,Acquitted,"This case involves a charge of Murder under IPC section 302. The prosecution presented evidence considered Moderate in strength with testimony from 3 witnesses. The accused had no prior criminal record. Based on the evaluation of the facts and evidence, the accused was acquitted due to insufficient evidence."
423,Cheating,420,The accused was charged with cheating under IPC section 420. Evidence strength was Weak. 3 witnesses were presented in court. Prior criminal record: No.,Weak,3,No,4,7176,Convicted,"This case involves a charge of Cheating under IPC section 420. The prosecution presented evidence considered Weak in strength with testimony from 3 witnesses. The accused had no prior criminal record. Based on the evaluation of the facts and evidence, the accused was ultimately convicted by the court."
424,Theft,379,The accused was charged with theft under IPC section 379. Evidence strength was Weak. 5 witnesses were presented in court. Prior criminal record: No.,Weak,5,No,2,7752,Convicted,"This case involves a charge of Theft under IPC section 379. The prosecution presented evidence considered Weak in strength with testimony from 5 witnesses. The accused had no prior criminal record. Based on the evaluation of the facts and evidence, the accused was ultimately convicted by the court."
425,Theft,379,The accused was charged with theft under IPC section 379. Evidence strength was Weak. 4 witnesses were presented in court. Prior criminal record: Yes.,Weak,4,Yes,4,40176,Convicted,"This case involves a charge of Theft under IPC section 379. The prosecution presented evidence considered Weak in strength with testimony from 4 witnesses. The accused had no prior criminal record. Based on the evaluation of the facts and evidence, the accused was ultimately convicted by the court."
426,Murder,302,The accused was charged with murder under IPC section 302. Evidence strength was Weak. 5 witnesses were presented in court. Prior criminal record: Yes.,Weak,5,Yes,22,29767,Convicted,"This case involves a charge of Murder under IPC section 302. The prosecution presented evidence considered Weak in strength with testimony from 5 witnesses. The accused had no prior criminal record. Based on the evaluation of the facts and evidence, the accused was ultimately convicted by the court."
427,Cheating,420,The accused was charged with cheating under IPC section 420. Evidence strength was Strong. 1 witnesses were presented in court. Prior criminal record: Yes.,Strong,1,Yes,3,34023,Convicted,"This case involves a charge of Cheating under IPC section 420. The prosecution presented evidence considered Strong in strength with testimony from 1 witnesses. The accused had no prior criminal record. Based on the evaluation of the facts and evidence, the accused was ultimately convicted by the court."
428,Kidnapping,363,The accused was charged with kidnapping under IPC section 363. Evidence strength was Weak. 5 witnesses were presented in court. Prior criminal record: No.,Weak,5,No,0,0,Acquitted,"This case involves a charge of Kidnapping under IPC section 363. The prosecution presented evidence considered Weak in strength with testimony from 5 witnesses. The accused had no prior criminal record. Based on the evaluation of the facts and evidence, the accused was acquitted due to insufficient evidence."
429,Cheating,420,The accused was charged with cheating under IPC section 420. Evidence strength was Moderate. 1 witnesses were presented in court. Prior criminal record: Yes.,Moderate,1,Yes,0,0,Acquitted,"This case involves a charge of Cheating under IPC section 420. The prosecution presented evidence considered Moderate in strength with testimony from 1 witnesses. The accused had no prior criminal record. Based on the evaluation of the facts and evidence, the accused was acquitted due to insufficient evidence."
430,Kidnapping,363,The accused was charged with kidnapping under IPC section 363. Evidence strength was Moderate. 0 witnesses were presented in court. Prior criminal record: Yes.,Moderate,0,Yes,0,0,Acquitted,"This case involves a charge of Kidnapping under IPC section 363. The prosecution presented evidence considered Moderate in strength with testimony from 0 witnesses. The accused had no prior criminal record. Based on the evaluation of the facts and evidence, the accused was acquitted due to insufficient evidence."
431,Sexual Assault,376,The accused was charged with sexual assault under IPC section 376. Evidence strength was Moderate. 0 witnesses were presented in court. Prior criminal record: No.,Moderate,0,No,0,0,Acquitted,"This case involves a charge of Sexual Assault under IPC section 376. The prosecution presented evidence considered Moderate in strength with testimony from 0 witnesses. The accused had no prior criminal record. Based on the evaluation of the facts and evidence, the accused was acquitted due to insufficient evidence."
432,Sexual Assault,376,The accused was charged with sexual assault under IPC section 376. Evidence strength was Moderate. 5 witnesses were presented in court. Prior criminal record: No.,Moderate,5,No,0,0,Acquitted,"This case involves a charge of Sexual Assault under IPC section 376. The prosecution presented evidence considered Moderate in strength with testimony from 5 witnesses. The accused had no prior criminal record. Based on the evaluation of the facts and evidence, the accused was acquitted due to insufficient evidence."
433,Assault,323,The accused was charged with assault under IPC section 323. Evidence strength was Moderate. 3 witnesses were presented in court. Prior criminal record: Yes.,Moderate,3,Yes,3,16792,Convicted,"This case involves a charge of Assault under IPC section 323. The prosecution presented evidence considered Moderate in strength with testimony from 3 witnesses. The accused had no prior criminal record. Based on the evaluation of the facts and evidence, the accused was ultimately convicted by the court."
434,Cheating,420,The accused was charged with cheating under IPC section 420. Evidence strength was Moderate. 5 witnesses were presented in court. Prior criminal record: Yes.,Moderate,5,Yes,5,4776,Convicted,"This case involves a charge of Cheating under IPC section 420. The prosecution presented evidence considered Moderate in strength with testimony from 5 witnesses. The accused had no prior criminal record. Based on the evaluation of the facts and evidence, the accused was ultimately convicted by the court."
435,Sexual Assault,376,The accused was charged with sexual assault under IPC section 376. Evidence strength was Moderate. 3 witnesses were presented in court. Prior criminal record: Yes.,Moderate,3,Yes,13,16915,Convicted,"This case involves a charge of Sexual Assault under IPC section 376. The prosecution presented evidence considered Moderate in strength with testimony from 3 witnesses. The accused had no prior criminal record. Based on the evaluation of the facts and evidence, the accused was ultimately convicted by the court."
436,Kidnapping,363,The accused was charged with kidnapping under IPC section 363. Evidence strength was Weak. 2 witnesses were presented in court. Prior criminal record: Yes.,Weak,2,Yes,0,0,Acquitted,"This case involves a charge of Kidnapping under IPC section 363. The prosecution presented evidence considered Weak in strength with testimony from 2 witnesses. The accused had no prior criminal record. Based on the evaluation of the facts and evidence, the accused was acquitted due to insufficient evidence."
437,Cybercrime,66,The accused was charged with cybercrime under IPC section 66. Evidence strength was Weak. 4 witnesses were presented in court. Prior criminal record: Yes.,Weak,4,Yes,1,18593,Convicted,"This case involves a charge of Cybercrime under IPC section 66. The prosecution presented evidence considered Weak in strength with testimony from 4 witnesses. The accused had no prior criminal record. Based on the evaluation of the facts and evidence, the accused was ultimately convicted by the court."
438,Drug Possession,21,The accused was charged with drug possession under IPC section 21. Evidence strength was Strong. 4 witnesses were presented in court. Prior criminal record: Yes.,Strong,4,Yes,3,13331,Convicted,"This case involves a charge of Drug Possession under IPC section 21. The prosecution presented evidence considered Strong in strength with testimony from 4 witnesses. The accused had no prior criminal record. Based on the evaluation of the facts and evidence, the accused was ultimately convicted by the court."
439,Smuggling,135,The accused was charged with smuggling under IPC section 135. Evidence strength was Strong. 5 witnesses were presented in court. Prior criminal record: Yes.,Strong,5,Yes,5,14689,Convicted,"This case involves a charge of Smuggling under IPC section 135. The prosecution presented evidence considered Strong in strength with testimony from 5 witnesses. The accused had no prior criminal record. Based on the evaluation of the facts and evidence, the accused was ultimately convicted by the court."
440,Cybercrime,66,The accused was charged with cybercrime under IPC section 66. Evidence strength was Moderate. 0 witnesses were presented in court. Prior criminal record: Yes.,Moderate,0,Yes,1,25473,Convicted,"This case involves a charge of Cybercrime under IPC section 66. The prosecution presented evidence considered Moderate in strength with testimony from 0 witnesses. The accused had no prior criminal record. Based on the evaluation of the facts and evidence, the accused was ultimately convicted by the court."
441,Corruption,13,The accused was charged with corruption under IPC section 13. Evidence strength was Weak. 5 witnesses were presented in court. Prior criminal record: Yes.,Weak,5,Yes,9,16684,Convicted,"This case involves a charge of Corruption under IPC section 13. The prosecution presented evidence considered Weak in strength with testimony from 5 witnesses. The accused had no prior criminal record. Based on the evaluation of the facts and evidence, the accused was ultimately convicted by the court."
442,Sexual Assault,376,The accused was charged with sexual assault under IPC section 376. Evidence strength was Moderate. 2 witnesses were presented in court. Prior criminal record: No.,Moderate,2,No,0,0,Acquitted,"This case involves a charge of Sexual Assault under IPC section 376. The prosecution presented evidence considered Moderate in strength with testimony from 2 witnesses. The accused had no prior criminal record. Based on the evaluation of the facts and evidence, the accused was acquitted due to insufficient evidence."
443,Sexual Assault,376,The accused was charged with sexual assault under IPC section 376. Evidence strength was Strong. 2 witnesses were presented in court. Prior criminal record: No.,Strong,2,No,11,24569,Convicted,"This case involves a charge of Sexual Assault under IPC section 376. The prosecution presented evidence considered Strong in strength with testimony from 2 witnesses. The accused had no prior criminal record. Based on the evaluation of the facts and evidence, the accused was ultimately convicted by the court."
444,Sexual Assault,376,The accused was charged with sexual assault under IPC section 376. Evidence strength was Moderate. 3 witnesses were presented in court. Prior criminal record: Yes.,Moderate,3,Yes,19,48344,Convicted,"This case involves a charge of Sexual Assault under IPC section 376. The prosecution presented evidence considered Moderate in strength with testimony from 3 witnesses. The accused had no prior criminal record. Based on the evaluation of the facts and evidence, the accused was ultimately convicted by the court."
445,Corruption,13,The accused was charged with corruption under IPC section 13. Evidence strength was Moderate. 1 witnesses were presented in court. Prior criminal record: No.,Moderate,1,No,0,0,Acquitted,"This case involves a charge of Corruption under IPC section 13. The prosecution presented evidence considered Moderate in strength with testimony from 1 witnesses. The accused had no prior criminal record. Based on the evaluation of the facts and evidence, the accused was acquitted due to insufficient evidence."
446,Drug Possession,21,The accused was charged with drug possession under IPC section 21. Evidence strength was Weak. 4 witnesses were presented in court. Prior criminal record: Yes.,Weak,4,Yes,4,2062,Convicted,"This case involves a charge of Drug Possession under IPC section 21. The prosecution presented evidence considered Weak in strength with testimony from 4 witnesses. The accused had no prior criminal record. Based on the evaluation of the facts and evidence, the accused was ultimately convicted by the court."
447,Kidnapping,363,The accused was charged with kidnapping under IPC section 363. Evidence strength was Strong. 4 witnesses were presented in court. Prior criminal record: No.,Strong,4,No,7,10988,Convicted,"This case involves a charge of Kidnapping under IPC section 363. The prosecution presented evidence considered Strong in strength with testimony from 4 witnesses. The accused had no prior criminal record. Based on the evaluation of the facts and evidence, the accused was ultimately convicted by the court."
448,Cheating,420,The accused was charged with cheating under IPC section 420. Evidence strength was Moderate. 1 witnesses were presented in court. Prior criminal record: No.,Moderate,1,No,5,19043,Convicted,"This case involves a charge of Cheating under IPC section 420. The prosecution presented evidence considered Moderate in strength with testimony from 1 witnesses. The accused had no prior criminal record. Based on the evaluation of the facts and evidence, the accused was ultimately convicted by the court."
449,Cybercrime,66,The accused was charged with cybercrime under IPC section 66. Evidence strength was Moderate. 3 witnesses were presented in court. Prior criminal record: No.,Moderate,3,No,0,0,Acquitted,"This case involves a charge of Cybercrime under IPC section 66. The prosecution presented evidence considered Moderate in strength with testimony from 3 witnesses. The accused had no prior criminal record. Based on the evaluation of the facts and evidence, the accused was acquitted due to insufficient evidence."
450,Assault,323,The accused was charged with assault under IPC section 323. Evidence strength was Strong. 2 witnesses were presented in court. Prior criminal record: Yes.,Strong,2,Yes,1,48206,Convicted,"This case involves a charge of Assault under IPC section 323. The prosecution presented evidence considered Strong in strength with testimony from 2 witnesses. The accused had no prior criminal record. Based on the evaluation of the facts and evidence, the accused was ultimately convicted by the court."
451,Sexual Assault,376,The accused was charged with sexual assault under IPC section 376. Evidence strength was Moderate. 1 witnesses were presented in court. Prior criminal record: Yes.,Moderate,1,Yes,20,28744,Convicted,"This case involves a charge of Sexual Assault under IPC section 376. The prosecution presented evidence considered Moderate in strength with testimony from 1 witnesses. The accused had no prior criminal record. Based on the evaluation of the facts and evidence, the accused was ultimately convicted by the court."
452,Theft,379,The accused was charged with theft under IPC section 379. Evidence strength was Strong. 0 witnesses were presented in court. Prior criminal record: Yes.,Strong,0,Yes,4,10010,Convicted,"This case involves a charge of Theft under IPC section 379. The prosecution presented evidence considered Strong in strength with testimony from 0 witnesses. The accused had no prior criminal record. Based on the evaluation of the facts and evidence, the accused was ultimately convicted by the court."
453,Cheating,420,The accused was charged with cheating under IPC section 420. Evidence strength was Weak. 5 witnesses were presented in court. Prior criminal record: Yes.,Weak,5,Yes,2,15334,Convicted,"This case involves a charge of Cheating under IPC section 420. The prosecution presented evidence considered Weak in strength with testimony from 5 witnesses. The accused had no prior criminal record. Based on the evaluation of the facts and evidence, the accused was ultimately convicted by the court."
454,Sexual Assault,376,The accused was charged with sexual assault under IPC section 376. Evidence strength was Moderate. 2 witnesses were presented in court. Prior criminal record: Yes.,Moderate,2,Yes,0,0,Acquitted,"This case involves a charge of Sexual Assault under IPC section 376. The prosecution presented evidence considered Moderate in strength with testimony from 2 witnesses. The accused had no prior criminal record. Based on the evaluation of the facts and evidence, the accused was acquitted due to insufficient evidence."
455,Corruption,13,The accused was charged with corruption under IPC section 13. Evidence strength was Weak. 0 witnesses were presented in court. Prior criminal record: No.,Weak,0,No,3,18347,Convicted,"This case involves a charge of Corruption under IPC section 13. The prosecution presented evidence considered Weak in strength with testimony from 0 witnesses. The accused had no prior criminal record. Based on the evaluation of the facts and evidence, the accused was ultimately convicted by the court."
456,Kidnapping,363,The accused was charged with kidnapping under IPC section 363. Evidence strength was Strong. 2 witnesses were presented in court. Prior criminal record: Yes.,Strong,2,Yes,9,12748,Convicted,"This case involves a charge of Kidnapping under IPC section 363. The prosecution presented evidence considered Strong in strength with testimony from 2 witnesses. The accused had no prior criminal record. Based on the evaluation of the facts and evidence, the accused was ultimately convicted by the court."
457,Theft,379,The accused was charged with theft under IPC section 379. Evidence strength was Weak. 4 witnesses were presented in court. Prior criminal record: Yes.,Weak,4,Yes,2,13578,Convicted,"This case involves a charge of Theft under IPC section 379. The prosecution presented evidence considered Weak in strength with testimony from 4 witnesses. The accused had no prior criminal record. Based on the evaluation of the facts and evidence, the accused was ultimately convicted by the court."
458,Smuggling,135,The accused was charged with smuggling under IPC section 135. Evidence strength was Strong. 2 witnesses were presented in court. Prior criminal record: No.,Strong,2,No,4,27011,Convicted,"This case involves a charge of Smuggling under IPC section 135. The prosecution presented evidence considered Strong in strength with testimony from 2 witnesses. The accused had no prior criminal record. Based on the evaluation of the facts and evidence, the accused was ultimately convicted by the court."
459,Theft,379,The accused was charged with theft under IPC section 379. Evidence strength was Moderate. 3 witnesses were presented in court. Prior criminal record: No.,Moderate,3,No,2,10829,Convicted,"This case involves a charge of Theft under IPC section 379. The prosecution presented evidence considered Moderate in strength with testimony from 3 witnesses. The accused had no prior criminal record. Based on the evaluation of the facts and evidence, the accused was ultimately convicted by the court."
460,Theft,379,The accused was charged with theft under IPC section 379. Evidence strength was Strong. 5 witnesses were presented in court. Prior criminal record: Yes.,Strong,5,Yes,1,27560,Convicted,"This case involves a charge of Theft under IPC section 379. The prosecution presented evidence considered Strong in strength with testimony from 5 witnesses. The accused had no prior criminal record. Based on the evaluation of the facts and evidence, the accused was ultimately convicted by the court."
461,Drug Possession,21,The accused was charged with drug possession under IPC section 21. Evidence strength was Moderate. 4 witnesses were presented in court. Prior criminal record: No.,Moderate,4,No,2,24030,Convicted,"This case involves a charge of Drug Possession under IPC section 21. The prosecution presented evidence considered Moderate in strength with testimony from 4 witnesses. The accused had no prior criminal record. Based on the evaluation of the facts and evidence, the accused was ultimately convicted by the court."
462,Assault,323,The accused was charged with assault under IPC section 323. Evidence strength was Weak. 3 witnesses were presented in court. Prior criminal record: No.,Weak,3,No,0,0,Acquitted,"This case involves a charge of Assault under IPC section 323. The prosecution presented evidence considered Weak in strength with testimony from 3 witnesses. The accused had no prior criminal record. Based on the evaluation of the facts and evidence, the accused was acquitted due to insufficient evidence."
463,Smuggling,135,The accused was charged with smuggling under IPC section 135. Evidence strength was Weak. 4 witnesses were presented in court. Prior criminal record: Yes.,Weak,4,Yes,3,14855,Convicted,"This case involves a charge of Smuggling under IPC section 135. The prosecution presented evidence considered Weak in strength with testimony from 4 witnesses. The accused had no prior criminal record. Based on the evaluation of the facts and evidence, the accused was ultimately convicted by the court."
464,Smuggling,135,The accused was charged with smuggling under IPC section 135. Evidence strength was Moderate. 2 witnesses were presented in court. Prior criminal record: Yes.,Moderate,2,Yes,7,10187,Convicted,"This case involves a charge of Smuggling under IPC section 135. The prosecution presented evidence considered Moderate in strength with testimony from 2 witnesses. The accused had no prior criminal record. Based on the evaluation of the facts and evidence, the accused was ultimately convicted by the court."
465,Sexual Assault,376,The accused was charged with sexual assault under IPC section 376. Evidence strength was Strong. 5 witnesses were presented in court. Prior criminal record: Yes.,Strong,5,Yes,9,21610,Convicted,"This case involves a charge of Sexual Assault under IPC section 376. The prosecution presented evidence considered Strong in strength with testimony from 5 witnesses. The accused had no prior criminal record. Based on the evaluation of the facts and evidence, the accused was ultimately convicted by the court."
466,Murder,302,The accused was charged with murder under IPC section 302. Evidence strength was Weak. 4 witnesses were presented in court. Prior criminal record: Yes.,Weak,4,Yes,22,6042,Convicted,"This case involves a charge of Murder under IPC section 302. The prosecution presented evidence considered Weak in strength with testimony from 4 witnesses. The accused had no prior criminal record. Based on the evaluation of the facts and evidence, the accused was ultimately convicted by the court."
467,Kidnapping,363,The accused was charged with kidnapping under IPC section 363. Evidence strength was Weak. 4 witnesses were presented in court. Prior criminal record: Yes.,Weak,4,Yes,9,45370,Convicted,"This case involves a charge of Kidnapping under IPC section 363. The prosecution presented evidence considered Weak in strength with testimony from 4 witnesses. The accused had no prior criminal record. Based on the evaluation of the facts and evidence, the accused was ultimately convicted by the court."
468,Sexual Assault,376,The accused was charged with sexual assault under IPC section 376. Evidence strength was Moderate. 3 witnesses were presented in court. Prior criminal record: Yes.,Moderate,3,Yes,19,46174,Convicted,"This case involves a charge of Sexual Assault under IPC section 376. The prosecution presented evidence considered Moderate in strength with testimony from 3 witnesses. The accused had no prior criminal record. Based on the evaluation of the facts and evidence, the accused was ultimately convicted by the court."
469,Theft,379,The accused was charged with theft under IPC section 379. Evidence strength was Strong. 5 witnesses were presented in court. Prior criminal record: No.,Strong,5,No,1,7401,Convicted,"This case involves a charge of Theft under IPC section 379. The prosecution presented evidence considered Strong in strength with testimony from 5 witnesses. The accused had no prior criminal record. Based on the evaluation of the facts and evidence, the accused was ultimately convicted by the court."
470,Drug Possession,21,The accused was charged with drug possession under IPC section 21. Evidence strength was Weak. 0 witnesses were presented in court. Prior criminal record: No.,Weak,0,No,0,0,Acquitted,"This case involves a charge of Drug Possession under IPC section 21. The prosecution presented evidence considered Weak in strength with testimony from 0 witnesses. The accused had no prior criminal record. Based on the evaluation of the facts and evidence, the accused was acquitted due to insufficient evidence."
471,Cybercrime,66,The accused was charged with cybercrime under IPC section 66. Evidence strength was Weak. 5 witnesses were presented in court. Prior criminal record: No.,Weak,5,No,0,0,Acquitted,"This case involves a charge of Cybercrime under IPC section 66. The prosecution presented evidence considered Weak in strength with testimony from 5 witnesses. The accused had no prior criminal record. Based on the evaluation of the facts and evidence, the accused was acquitted due to insufficient evidence."
472,Corruption,13,The accused was charged with corruption under IPC section 13. Evidence strength was Weak. 2 witnesses were presented in court. Prior criminal record: No.,Weak,2,No,0,0,Acquitted,"This case involves a charge of Corruption under IPC section 13. The prosecution presented evidence considered Weak in strength with testimony from 2 witnesses. The accused had no prior criminal record. Based on the evaluation of the facts and evidence, the accused was acquitted due to insufficient evidence."
473,Assault,323,The accused was charged with assault under IPC section 323. Evidence strength was Strong. 4 witnesses were presented in court. Prior criminal record: No.,Strong,4,No,0,41541,Convicted,"This case involves a charge of Assault under IPC section 323. The prosecution presented evidence considered Strong in strength with testimony from 4 witnesses. The accused had no prior criminal record. Based on the evaluation of the facts and evidence, the accused was ultimately convicted by the court."
474,Kidnapping,363,The accused was charged with kidnapping under IPC section 363. Evidence strength was Weak. 5 witnesses were presented in court. Prior criminal record: Yes.,Weak,5,Yes,4,18561,Convicted,"This case involves a charge of Kidnapping under IPC section 363. The prosecution presented evidence considered Weak in strength with testimony from 5 witnesses. The accused had no prior criminal record. Based on the evaluation of the facts and evidence, the accused was ultimately convicted by the court."
475,Assault,323,The accused was charged with assault under IPC section 323. Evidence strength was Moderate. 5 witnesses were presented in court. Prior criminal record: Yes.,Moderate,5,Yes,3,21753,Convicted,"This case involves a charge of Assault under IPC section 323. The prosecution presented evidence considered Moderate in strength with testimony from 5 witnesses. The accused had no prior criminal record. Based on the evaluation of the facts and evidence, the accused was ultimately convicted by the court."
476,Cybercrime,66,The accused was charged with cybercrime under IPC section 66. Evidence strength was Weak. 0 witnesses were presented in court. Prior criminal record: Yes.,Weak,0,Yes,0,0,Acquitted,"This case involves a charge of Cybercrime under IPC section 66. The prosecution presented evidence considered Weak in strength with testimony from 0 witnesses. The accused had no prior criminal record. Based on the evaluation of the facts and evidence, the accused was acquitted due to insufficient evidence."
477,Corruption,13,The accused was charged with corruption under IPC section 13. Evidence strength was Moderate. 2 witnesses were presented in court. Prior criminal record: Yes.,Moderate,2,Yes,4,7140,Convicted,"This case involves a charge of Corruption under IPC section 13. The prosecution presented evidence considered Moderate in strength with testimony from 2 witnesses. The accused had no prior criminal record. Based on the evaluation of the facts and evidence, the accused was ultimately convicted by the court."
478,Drug Possession,21,The accused was charged with drug possession under IPC section 21. Evidence strength was Moderate. 4 witnesses were presented in court. Prior criminal record: No.,Moderate,4,No,2,3936,Convicted,"This case involves a charge of Drug Possession under IPC section 21. The prosecution presented evidence considered Moderate in strength with testimony from 4 witnesses. The accused had no prior criminal record. Based on the evaluation of the facts and evidence, the accused was ultimately convicted by the court."
479,Cybercrime,66,The accused was charged with cybercrime under IPC section 66. Evidence strength was Strong. 0 witnesses were presented in court. Prior criminal record: No.,Strong,0,No,4,1808,Convicted,"This case involves a charge of Cybercrime under IPC section 66. The prosecution presented evidence considered Strong in strength with testimony from 0 witnesses. The accused had no prior criminal record. Based on the evaluation of the facts and evidence, the accused was ultimately convicted by the court."
480,Kidnapping,363,The accused was charged with kidnapping under IPC section 363. Evidence strength was Moderate. 3 witnesses were presented in court. Prior criminal record: Yes.,Moderate,3,Yes,6,38483,Convicted,"This case involves a charge of Kidnapping under IPC section 363. The prosecution presented evidence considered Moderate in strength with testimony from 3 witnesses. The accused had no prior criminal record. Based on the evaluation of the facts and evidence, the accused was ultimately convicted by the court."
481,Sexual Assault,376,The accused was charged with sexual assault under IPC section 376. Evidence strength was Weak. 5 witnesses were presented in court. Prior criminal record: No.,Weak,5,No,9,9811,Convicted,"This case involves a charge of Sexual Assault under IPC section 376. The prosecution presented evidence considered Weak in strength with testimony from 5 witnesses. The accused had no prior criminal record. Based on the evaluation of the facts and evidence, the accused was ultimately convicted by the court."
482,Kidnapping,363,The accused was charged with kidnapping under IPC section 363. Evidence strength was Moderate. 3 witnesses were presented in court. Prior criminal record: Yes.,Moderate,3,Yes,4,11958,Convicted,"This case involves a charge of Kidnapping under IPC section 363. The prosecution presented evidence considered Moderate in strength with testimony from 3 witnesses. The accused had no prior criminal record. Based on the evaluation of the facts and evidence, the accused was ultimately convicted by the court."
483,Drug Possession,21,The accused was charged with drug possession under IPC section 21. Evidence strength was Moderate. 3 witnesses were presented in court. Prior criminal record: No.,Moderate,3,No,0,0,Acquitted,"This case involves a charge of Drug Possession under IPC section 21. The prosecution presented evidence considered Moderate in strength with testimony from 3 witnesses. The accused had no prior criminal record. Based on the evaluation of the facts and evidence, the accused was acquitted due to insufficient evidence."
484,Theft,379,The accused was charged with theft under IPC section 379. Evidence strength was Moderate. 2 witnesses were presented in court. Prior criminal record: Yes.,Moderate,2,Yes,0,0,Acquitted,"This case involves a charge of Theft under IPC section 379. The prosecution presented evidence considered Moderate in strength with testimony from 2 witnesses. The accused had no prior criminal record. Based on the evaluation of the facts and evidence, the accused was acquitted due to insufficient evidence."
485,Smuggling,135,The accused was charged with smuggling under IPC section 135. Evidence strength was Strong. 1 witnesses were presented in court. Prior criminal record: No.,Strong,1,No,2,9879,Convicted,"This case involves a charge of Smuggling under IPC section 135. The prosecution presented evidence considered Strong in strength with testimony from 1 witnesses. The accused had no prior criminal record. Based on the evaluation of the facts and evidence, the accused was ultimately convicted by the court."
486,Kidnapping,363,The accused was charged with kidnapping under IPC section 363. Evidence strength was Weak. 3 witnesses were presented in court. Prior criminal record: No.,Weak,3,No,0,0,Acquitted,"This case involves a charge of Kidnapping under IPC section 363. The prosecution presented evidence considered Weak in strength with testimony from 3 witnesses. The accused had no prior criminal record. Based on the evaluation of the facts and evidence, the accused was acquitted due to insufficient evidence."
487,Cybercrime,66,The accused was charged with cybercrime under IPC section 66. Evidence strength was Moderate. 2 witnesses were presented in court. Prior criminal record: No.,Moderate,2,No,3,11507,Convicted,"This case involves a charge of Cybercrime under IPC section 66. The prosecution presented evidence considered Moderate in strength with testimony from 2 witnesses. The accused had no prior criminal record. Based on the evaluation of the facts and evidence, the accused was ultimately convicted by the court."
488,Smuggling,135,The accused was charged with smuggling under IPC section 135. Evidence strength was Strong. 1 witnesses were presented in court. Prior criminal record: No.,Strong,1,No,4,12641,Convicted,"This case involves a charge of Smuggling under IPC section 135. The prosecution presented evidence considered Strong in strength with testimony from 1 witnesses. The accused had no prior criminal record. Based on the evaluation of the facts and evidence, the accused was ultimately convicted by the court."
489,Drug Possession,21,The accused was charged with drug possession under IPC section 21. Evidence strength was Moderate. 2 witnesses were presented in court. Prior criminal record: No.,Moderate,2,No,7,13322,Convicted,"This case involves a charge of Drug Possession under IPC section 21. The prosecution presented evidence considered Moderate in strength with testimony from 2 witnesses. The accused had no prior criminal record. Based on the evaluation of the facts and evidence, the accused was ultimately convicted by the court."
490,Kidnapping,363,The accused was charged with kidnapping under IPC section 363. Evidence strength was Moderate. 2 witnesses were presented in court. Prior criminal record: Yes.,Moderate,2,Yes,5,23338,Convicted,"This case involves a charge of Kidnapping under IPC section 363. The prosecution presented evidence considered Moderate in strength with testimony from 2 witnesses. The accused had no prior criminal record. Based on the evaluation of the facts and evidence, the accused was ultimately convicted by the court."
491,Sexual Assault,376,The accused was charged with sexual assault under IPC section 376. Evidence strength was Weak. 5 witnesses were presented in court. Prior criminal record: No.,Weak,5,No,14,27138,Convicted,"This case involves a charge of Sexual Assault under IPC section 376. The prosecution presented evidence considered Weak in strength with testimony from 5 witnesses. The accused had no prior criminal record. Based on the evaluation of the facts and evidence, the accused was ultimately convicted by the court."
492,Kidnapping,363,The accused was charged with kidnapping under IPC section 363. Evidence strength was Strong. 0 witnesses were presented in court. Prior criminal record: No.,Strong,0,No,10,10121,Convicted,"This case involves a charge of Kidnapping under IPC section 363. The prosecution presented evidence considered Strong in strength with testimony from 0 witnesses. The accused had no prior criminal record. Based on the evaluation of the facts and evidence, the accused was ultimately convicted by the court."
493,Kidnapping,363,The accused was charged with kidnapping under IPC section 363. Evidence strength was Weak. 2 witnesses were presented in court. Prior criminal record: Yes.,Weak,2,Yes,0,0,Acquitted,"This case involves a charge of Kidnapping under IPC section 363. The prosecution presented evidence considered Weak in strength with testimony from 2 witnesses. The accused had no prior criminal record. Based on the evaluation of the facts and evidence, the accused was acquitted due to insufficient evidence."
494,Drug Possession,21,The accused was charged with drug possession under IPC section 21. Evidence strength was Weak. 3 witnesses were presented in court. Prior criminal record: No.,Weak,3,No,0,0,Acquitted,"This case involves a charge of Drug Possession under IPC section 21. The prosecution presented evidence considered Weak in strength with testimony from 3 witnesses. The accused had no prior criminal record. Based on the evaluation of the facts and evidence, the accused was acquitted due to insufficient evidence."
495,Sexual Assault,376,The accused was charged with sexual assault under IPC section 376. Evidence strength was Strong. 5 witnesses were presented in court. Prior criminal record: No.,Strong,5,No,15,3409,Convicted,"This case involves a charge of Sexual Assault under IPC section 376. The prosecution presented evidence considered Strong in strength with testimony from 5 witnesses. The accused had no prior criminal record. Based on the evaluation of the facts and evidence, the accused was ultimately convicted by the court."
496,Cybercrime,66,The accused was charged with cybercrime under IPC section 66. Evidence strength was Strong. 4 witnesses were presented in court. Prior criminal record: Yes.,Strong,4,Yes,1,17268,Convicted,"This case involves a charge of Cybercrime under IPC section 66. The prosecution presented evidence considered Strong in strength with testimony from 4 witnesses. The accused had no prior criminal record. Based on the evaluation of the facts and evidence, the accused was ultimately convicted by the court."
497,Cybercrime,66,The accused was charged with cybercrime under IPC section 66. Evidence strength was Weak. 5 witnesses were presented in court. Prior criminal record: Yes.,Weak,5,Yes,5,43272,Convicted,"This case involves a charge of Cybercrime under IPC section 66. The prosecution presented evidence considered Weak in strength with testimony from 5 witnesses. The accused had no prior criminal record. Based on the evaluation of the facts and evidence, the accused was ultimately convicted by the court."
498,Drug Possession,21,The accused was charged with drug possession under IPC section 21. Evidence strength was Moderate. 3 witnesses were presented in court. Prior criminal record: Yes.,Moderate,3,Yes,2,7462,Convicted,"This case involves a charge of Drug Possession under IPC section 21. The prosecution presented evidence considered Moderate in strength with testimony from 3 witnesses. The accused had no prior criminal record. Based on the evaluation of the facts and evidence, the accused was ultimately convicted by the court."
499,Kidnapping,363,The accused was charged with kidnapping under IPC section 363. Evidence strength was Weak. 4 witnesses were presented in court. Prior criminal record: Yes.,Weak,4,Yes,10,25518,Convicted,"This case involves a charge of Kidnapping under IPC section 363. The prosecution presented evidence considered Weak in strength with testimony from 4 witnesses. The accused had no prior criminal record. Based on the evaluation of the facts and evidence, the accused was ultimately convicted by the court."
500,Drug Possession,21,The accused was charged with drug possession under IPC section 21. Evidence strength was Moderate. 5 witnesses were presented in court. Prior criminal record: Yes.,Moderate,5,Yes,7,2609,Convicted,"This case involves a charge of Drug Possession under IPC section 21. The prosecution presented evidence considered Moderate in strength with testimony from 5 witnesses. The accused had no prior criminal record. Based on the evaluation of the facts and evidence, the accused was ultimately convicted by the court."
501,Corruption,13,The accused was charged with corruption under IPC section 13. Evidence strength was Weak. 2 witnesses were presented in court. Prior criminal record: No.,Weak,2,No,4,28240,Convicted,"This case involves a charge of Corruption under IPC section 13. The prosecution presented evidence considered Weak in strength with testimony from 2 witnesses. The accused had no prior criminal record. Based on the evaluation of the facts and evidence, the accused was ultimately convicted by the court."
502,Assault,323,The accused was charged with assault under IPC section 323. Evidence strength was Moderate. 2 witnesses were presented in court. Prior criminal record: No.,Moderate,2,No,0,0,Acquitted,"This case involves a charge of Assault under IPC section 323. The prosecution presented evidence considered Moderate in strength with testimony from 2 witnesses. The accused had no prior criminal record. Based on the evaluation of the facts and evidence, the accused was acquitted due to insufficient evidence."
503,Cheating,420,The accused was charged with cheating under IPC section 420. Evidence strength was Strong. 3 witnesses were presented in court. Prior criminal record: No.,Strong,3,No,5,7397,Convicted,"This case involves a charge of Cheating under IPC section 420. The prosecution presented evidence considered Strong in strength with testimony from 3 witnesses. The accused had no prior criminal record. Based on the evaluation of the facts and evidence, the accused was ultimately convicted by the court."
504,Corruption,13,The accused was charged with corruption under IPC section 13. Evidence strength was Strong. 5 witnesses were presented in court. Prior criminal record: No.,Strong,5,No,8,5402,Convicted,"This case involves a charge of Corruption under IPC section 13. The prosecution presented evidence considered Strong in strength with testimony from 5 witnesses. The accused had no prior criminal record. Based on the evaluation of the facts and evidence, the accused was ultimately convicted by the court."
505,Kidnapping,363,The accused was charged with kidnapping under IPC section 363. Evidence strength was Weak. 5 witnesses were presented in court. Prior criminal record: Yes.,Weak,5,Yes,3,23483,Convicted,"This case involves a charge of Kidnapping under IPC section 363. The prosecution presented evidence considered Weak in strength with testimony from 5 witnesses. The accused had no prior criminal record. Based on the evaluation of the facts and evidence, the accused was ultimately convicted by the court."
506,Theft,379,The accused was charged with theft under IPC section 379. Evidence strength was Strong. 1 witnesses were presented in court. Prior criminal record: Yes.,Strong,1,Yes,5,12432,Convicted,"This case involves a charge of Theft under IPC section 379. The prosecution presented evidence considered Strong in strength with testimony from 1 witnesses. The accused had no prior criminal record. Based on the evaluation of the facts and evidence, the accused was ultimately convicted by the court."
507,Sexual Assault,376,The accused was charged with sexual assault under IPC section 376. Evidence strength was Weak. 2 witnesses were presented in court. Prior criminal record: No.,Weak,2,No,0,0,Acquitted,"This case involves a charge of Sexual Assault under IPC section 376. The prosecution presented evidence considered Weak in strength with testimony from 2 witnesses. The accused had no prior criminal record. Based on the evaluation of the facts and evidence, the accused was acquitted due to insufficient evidence."
508,Cheating,420,The accused was charged with cheating under IPC section 420. Evidence strength was Moderate. 5 witnesses were presented in court. Prior criminal record: Yes.,Moderate,5,Yes,3,42974,Convicted,"This case involves a charge of Cheating under IPC section 420. The prosecution presented evidence considered Moderate in strength with testimony from 5 witnesses. The accused had no prior criminal record. Based on the evaluation of the facts and evidence, the accused was ultimately convicted by the court."
509,Drug Possession,21,The accused was charged with drug possession under IPC section 21. Evidence strength was Moderate. 0 witnesses were presented in court. Prior criminal record: Yes.,Moderate,0,Yes,0,0,Acquitted,"This case involves a charge of Drug Possession under IPC section 21. The prosecution presented evidence considered Moderate in strength with testimony from 0 witnesses. The accused had no prior criminal record. Based on the evaluation of the facts and evidence, the accused was acquitted due to insufficient evidence."
510,Smuggling,135,The accused was charged with smuggling under IPC section 135. Evidence strength was Moderate. 3 witnesses were presented in court. Prior criminal record: Yes.,Moderate,3,Yes,7,15076,Convicted,"This case involves a charge of Smuggling under IPC section 135. The prosecution presented evidence considered Moderate in strength with testimony from 3 witnesses. The accused had no prior criminal record. Based on the evaluation of the facts and evidence, the accused was ultimately convicted by the court."
511,Cheating,420,The accused was charged with cheating under IPC section 420. Evidence strength was Moderate. 5 witnesses were presented in court. Prior criminal record: Yes.,Moderate,5,Yes,6,7668,Convicted,"This case involves a charge of Cheating under IPC section 420. The prosecution presented evidence considered Moderate in strength with testimony from 5 witnesses. The accused had no prior criminal record. Based on the evaluation of the facts and evidence, the accused was ultimately convicted by the court."
512,Sexual Assault,376,The accused was charged with sexual assault under IPC section 376. Evidence strength was Weak. 2 witnesses were presented in court. Prior criminal record: No.,Weak,2,No,14,4734,Convicted,"This case involves a charge of Sexual Assault under IPC section 376. The prosecution presented evidence considered Weak in strength with testimony from 2 witnesses. The accused had no prior criminal record. Based on the evaluation of the facts and evidence, the accused was ultimately convicted by the court."
513,Kidnapping,363,The accused was charged with kidnapping under IPC section 363. Evidence strength was Strong. 3 witnesses were presented in court. Prior criminal record: No.,Strong,3,No,9,41062,Convicted,"This case involves a charge of Kidnapping under IPC section 363. The prosecution presented evidence considered Strong in strength with testimony from 3 witnesses. The accused had no prior criminal record. Based on the evaluation of the facts and evidence, the accused was ultimately convicted by the court."
514,Drug Possession,21,The accused was charged with drug possession under IPC section 21. Evidence strength was Strong. 0 witnesses were presented in court. Prior criminal record: No.,Strong,0,No,7,31006,Convicted,"This case involves a charge of Drug Possession under IPC section 21. The prosecution presented evidence considered Strong in strength with testimony from 0 witnesses. The accused had no prior criminal record. Based on the evaluation of the facts and evidence, the accused was ultimately convicted by the court."
515,Smuggling,135,The accused was charged with smuggling under IPC section 135. Evidence strength was Weak. 5 witnesses were presented in court. Prior criminal record: No.,Weak,5,No,7,5389,Convicted,"This case involves a charge of Smuggling under IPC section 135. The prosecution presented evidence considered Weak in strength with testimony from 5 witnesses. The accused had no prior criminal record. Based on the evaluation of the facts and evidence, the accused was ultimately convicted by the court."
516,Cybercrime,66,The accused was charged with cybercrime under IPC section 66. Evidence strength was Weak. 1 witnesses were presented in court. Prior criminal record: No.,Weak,1,No,2,13232,Convicted,"This case involves a charge of Cybercrime under IPC section 66. The prosecution presented evidence considered Weak in strength with testimony from 1 witnesses. The accused had no prior criminal record. Based on the evaluation of the facts and evidence, the accused was ultimately convicted by the court."
517,Assault,323,The accused was charged with assault under IPC section 323. Evidence strength was Strong. 3 witnesses were presented in court. Prior criminal record: No.,Strong,3,No,1,38670,Convicted,"This case involves a charge of Assault under IPC section 323. The prosecution presented evidence considered Strong in strength with testimony from 3 witnesses. The accused had no prior criminal record. Based on the evaluation of the facts and evidence, the accused was ultimately convicted by the court."
518,Drug Possession,21,The accused was charged with drug possession under IPC section 21. Evidence strength was Moderate. 1 witnesses were presented in court. Prior criminal record: No.,Moderate,1,No,10,6467,Convicted,"This case involves a charge of Drug Possession under IPC section 21. The prosecution presented evidence considered Moderate in strength with testimony from 1 witnesses. The accused had no prior criminal record. Based on the evaluation of the facts and evidence, the accused was ultimately convicted by the court."
519,Corruption,13,The accused was charged with corruption under IPC section 13. Evidence strength was Moderate. 1 witnesses were presented in court. Prior criminal record: Yes.,Moderate,1,Yes,0,0,Acquitted,"This case involves a charge of Corruption under IPC section 13. The prosecution presented evidence considered Moderate in strength with testimony from 1 witnesses. The accused had no prior criminal record. Based on the evaluation of the facts and evidence, the accused was acquitted due to insufficient evidence."
520,Corruption,13,The accused was charged with corruption under IPC section 13. Evidence strength was Strong. 0 witnesses were presented in court. Prior criminal record: No.,Strong,0,No,3,32759,Convicted,"This case involves a charge of Corruption under IPC section 13. The prosecution presented evidence considered Strong in strength with testimony from 0 witnesses. The accused had no prior criminal record. Based on the evaluation of the facts and evidence, the accused was ultimately convicted by the court."
521,Assault,323,The accused was charged with assault under IPC section 323. Evidence strength was Weak. 3 witnesses were presented in court. Prior criminal record: No.,Weak,3,No,0,0,Acquitted,"This case involves a charge of Assault under IPC section 323. The prosecution presented evidence considered Weak in strength with testimony from 3 witnesses. The accused had no prior criminal record. Based on the evaluation of the facts and evidence, the accused was acquitted due to insufficient evidence."
522,Corruption,13,The accused was charged with corruption under IPC section 13. Evidence strength was Moderate. 5 witnesses were presented in court. Prior criminal record: No.,Moderate,5,No,0,0,Acquitted,"This case involves a charge of Corruption under IPC section 13. The prosecution presented evidence considered Moderate in strength with testimony from 5 witnesses. The accused had no prior criminal record. Based on the evaluation of the facts and evidence, the accused was acquitted due to insufficient evidence."
523,Assault,323,The accused was charged with assault under IPC section 323. Evidence strength was Weak. 4 witnesses were presented in court. Prior criminal record: Yes.,Weak,4,Yes,1,20142,Convicted,"This case involves a charge of Assault under IPC section 323. The prosecution presented evidence considered Weak in strength with testimony from 4 witnesses. The accused had no prior criminal record. Based on the evaluation of the facts and evidence, the accused was ultimately convicted by the court."
524,Murder,302,The accused was charged with murder under IPC section 302. Evidence strength was Moderate. 1 witnesses were presented in court. Prior criminal record: No.,Moderate,1,No,24,19535,Convicted,"This case involves a charge of Murder under IPC section 302. The prosecution presented evidence considered Moderate in strength with testimony from 1 witnesses. The accused had no prior criminal record. Based on the evaluation of the facts and evidence, the accused was ultimately convicted by the court."
525,Corruption,13,The accused was charged with corruption under IPC section 13. Evidence strength was Strong. 4 witnesses were presented in court. Prior criminal record: Yes.,Strong,4,Yes,4,18556,Convicted,"This case involves a charge of Corruption under IPC section 13. The prosecution presented evidence considered Strong in strength with testimony from 4 witnesses. The accused had no prior criminal record. Based on the evaluation of the facts and evidence, the accused was ultimately convicted by the court."
526,Sexual Assault,376,The accused was charged with sexual assault under IPC section 376. Evidence strength was Moderate. 4 witnesses were presented in court. Prior criminal record: Yes.,Moderate,4,Yes,19,48119,Convicted,"This case involves a charge of Sexual Assault under IPC section 376. The prosecution presented evidence considered Moderate in strength with testimony from 4 witnesses. The accused had no prior criminal record. Based on the evaluation of the facts and evidence, the accused was ultimately convicted by the court."
527,Corruption,13,The accused was charged with corruption under IPC section 13. Evidence strength was Strong. 1 witnesses were presented in court. Prior criminal record: No.,Strong,1,No,4,49233,Convicted,"This case involves a charge of Corruption under IPC section 13. The prosecution presented evidence considered Strong in strength with testimony from 1 witnesses. The accused had no prior criminal record. Based on the evaluation of the facts and evidence, the accused was ultimately convicted by the court."
528,Cheating,420,The accused was charged with cheating under IPC section 420. Evidence strength was Moderate. 0 witnesses were presented in court. Prior criminal record: No.,Moderate,0,No,0,0,Acquitted,"This case involves a charge of Cheating under IPC section 420. The prosecution presented evidence considered Moderate in strength with testimony from 0 witnesses. The accused had no prior criminal record. Based on the evaluation of the facts and evidence, the accused was acquitted due to insufficient evidence."
529,Cybercrime,66,The accused was charged with cybercrime under IPC section 66. Evidence strength was Weak. 3 witnesses were presented in court. Prior criminal record: Yes.,Weak,3,Yes,2,14754,Convicted,"This case involves a charge of Cybercrime under IPC section 66. The prosecution presented evidence considered Weak in strength with testimony from 3 witnesses. The accused had no prior criminal record. Based on the evaluation of the facts and evidence, the accused was ultimately convicted by the court."
530,Smuggling,135,The accused was charged with smuggling under IPC section 135. Evidence strength was Strong. 2 witnesses were presented in court. Prior criminal record: No.,Strong,2,No,3,41380,Convicted,"This case involves a charge of Smuggling under IPC section 135. The prosecution presented evidence considered Strong in strength with testimony from 2 witnesses. The accused had no prior criminal record. Based on the evaluation of the facts and evidence, the accused was ultimately convicted by the court."
531,Assault,323,The accused was charged with assault under IPC section 323. Evidence strength was Weak. 1 witnesses were presented in court. Prior criminal record: Yes.,Weak,1,Yes,0,0,Acquitted,"This case involves a charge of Assault under IPC section 323. The prosecution presented evidence considered Weak in strength with testimony from 1 witnesses. The accused had no prior criminal record. Based on the evaluation of the facts and evidence, the accused was acquitted due to insufficient evidence."
532,Sexual Assault,376,The accused was charged with sexual assault under IPC section 376. Evidence strength was Moderate. 4 witnesses were presented in court. Prior criminal record: Yes.,Moderate,4,Yes,12,47140,Convicted,"This case involves a charge of Sexual Assault under IPC section 376. The prosecution presented evidence considered Moderate in strength with testimony from 4 witnesses. The accused had no prior criminal record. Based on the evaluation of the facts and evidence, the accused was ultimately convicted by the court."
533,Kidnapping,363,The accused was charged with kidnapping under IPC section 363. Evidence strength was Moderate. 4 witnesses were presented in court. Prior criminal record: No.,Moderate,4,No,5,25579,Convicted,"This case involves a charge of Kidnapping under IPC section 363. The prosecution presented evidence considered Moderate in strength with testimony from 4 witnesses. The accused had no prior criminal record. Based on the evaluation of the facts and evidence, the accused was ultimately convicted by the court."
534,Drug Possession,21,The accused was charged with drug possession under IPC section 21. Evidence strength was Weak. 2 witnesses were presented in court. Prior criminal record: Yes.,Weak,2,Yes,5,5792,Convicted,"This case involves a charge of Drug Possession under IPC section 21. The prosecution presented evidence considered Weak in strength with testimony from 2 witnesses. The accused had no prior criminal record. Based on the evaluation of the facts and evidence, the accused was ultimately convicted by the court."
535,Cybercrime,66,The accused was charged with cybercrime under IPC section 66. Evidence strength was Weak. 5 witnesses were presented in court. Prior criminal record: No.,Weak,5,No,0,0,Acquitted,"This case involves a charge of Cybercrime under IPC section 66. The prosecution presented evidence considered Weak in strength with testimony from 5 witnesses. The accused had no prior criminal record. Based on the evaluation of the facts and evidence, the accused was acquitted due to insufficient evidence."
536,Assault,323,The accused was charged with assault under IPC section 323. Evidence strength was Strong. 5 witnesses were presented in court. Prior criminal record: No.,Strong,5,No,3,25587,Convicted,"This case involves a charge of Assault under IPC section 323. The prosecution presented evidence considered Strong in strength with testimony from 5 witnesses. The accused had no prior criminal record. Based on the evaluation of the facts and evidence, the accused was ultimately convicted by the court."
537,Corruption,13,The accused was charged with corruption under IPC section 13. Evidence strength was Weak. 5 witnesses were presented in court. Prior criminal record: Yes.,Weak,5,Yes,9,34791,Convicted,"This case involves a charge of Corruption under IPC section 13. The prosecution presented evidence considered Weak in strength with testimony from 5 witnesses. The accused had no prior criminal record. Based on the evaluation of the facts and evidence, the accused was ultimately convicted by the court."
538,Kidnapping,363,The accused was charged with kidnapping under IPC section 363. Evidence strength was Strong. 2 witnesses were presented in court. Prior criminal record: No.,Strong,2,No,10,22449,Convicted,"This case involves a charge of Kidnapping under IPC section 363. The prosecution presented evidence considered Strong in strength with testimony from 2 witnesses. The accused had no prior criminal record. Based on the evaluation of the facts and evidence, the accused was ultimately convicted by the court."
539,Smuggling,135,The accused was charged with smuggling under IPC section 135. Evidence strength was Weak. 5 witnesses were presented in court. Prior criminal record: Yes.,Weak,5,Yes,7,31044,Convicted,"This case involves a charge of Smuggling under IPC section 135. The prosecution presented evidence considered Weak in strength with testimony from 5 witnesses. The accused had no prior criminal record. Based on the evaluation of the facts and evidence, the accused was ultimately convicted by the court."
540,Cybercrime,66,The accused was charged with cybercrime under IPC section 66. Evidence strength was Weak. 4 witnesses were presented in court. Prior criminal record: No.,Weak,4,No,4,28028,Convicted,"This case involves a charge of Cybercrime under IPC section 66. The prosecution presented evidence considered Weak in strength with testimony from 4 witnesses. The accused had no prior criminal record. Based on the evaluation of the facts and evidence, the accused was ultimately convicted by the court."
541,Cheating,420,The accused was charged with cheating under IPC section 420. Evidence strength was Moderate. 2 witnesses were presented in court. Prior criminal record: No.,Moderate,2,No,0,0,Acquitted,"This case involves a charge of Cheating under IPC section 420. The prosecution presented evidence considered Moderate in strength with testimony from 2 witnesses. The accused had no prior criminal record. Based on the evaluation of the facts and evidence, the accused was acquitted due to insufficient evidence."
542,Cybercrime,66,The accused was charged with cybercrime under IPC section 66. Evidence strength was Strong. 4 witnesses were presented in court. Prior criminal record: Yes.,Strong,4,Yes,5,32807,Convicted,"This case involves a charge of Cybercrime under IPC section 66. The prosecution presented evidence considered Strong in strength with testimony from 4 witnesses. The accused had no prior criminal record. Based on the evaluation of the facts and evidence, the accused was ultimately convicted by the court."
543,Cybercrime,66,The accused was charged with cybercrime under IPC section 66. Evidence strength was Strong. 0 witnesses were presented in court. Prior criminal record: Yes.,Strong,0,Yes,1,42037,Convicted,"This case involves a charge of Cybercrime under IPC section 66. The prosecution presented evidence considered Strong in strength with testimony from 0 witnesses. The accused had no prior criminal record. Based on the evaluation of the facts and evidence, the accused was ultimately convicted by the court."
544,Corruption,13,The accused was charged with corruption under IPC section 13. Evidence strength was Weak. 0 witnesses were presented in court. Prior criminal record: Yes.,Weak,0,Yes,0,0,Acquitted,"This case involves a charge of Corruption under IPC section 13. The prosecution presented evidence considered Weak in strength with testimony from 0 witnesses. The accused had no prior criminal record. Based on the evaluation of the facts and evidence, the accused was acquitted due to insufficient evidence."
545,Corruption,13,The accused was charged with corruption under IPC section 13. Evidence strength was Weak. 3 witnesses were presented in court. Prior criminal record: Yes.,Weak,3,Yes,5,43598,Convicted,"This case involves a charge of Corruption under IPC section 13. The prosecution presented evidence considered Weak in strength with testimony from 3 witnesses. The accused had no prior criminal record. Based on the evaluation of the facts and evidence, the accused was ultimately convicted by the court."
546,Kidnapping,363,The accused was charged with kidnapping under IPC section 363. Evidence strength was Weak. 2 witnesses were presented in court. Prior criminal record: Yes.,Weak,2,Yes,0,0,Acquitted,"This case involves a charge of Kidnapping under IPC section 363. The prosecution presented evidence considered Weak in strength with testimony from 2 witnesses. The accused had no prior criminal record. Based on the evaluation of the facts and evidence, the accused was acquitted due to insufficient evidence."
547,Kidnapping,363,The accused was charged with kidnapping under IPC section 363. Evidence strength was Weak. 2 witnesses were presented in court. Prior criminal record: Yes.,Weak,2,Yes,9,21499,Convicted,"This case involves a charge of Kidnapping under IPC section 363. The prosecution presented evidence considered Weak in strength with testimony from 2 witnesses. The accused had no prior criminal record. Based on the evaluation of the facts and evidence, the accused was ultimately convicted by the court."
548,Kidnapping,363,The accused was charged with kidnapping under IPC section 363. Evidence strength was Strong. 5 witnesses were presented in court. Prior criminal record: Yes.,Strong,5,Yes,9,43957,Convicted,"This case involves a charge of Kidnapping under IPC section 363. The prosecution presented evidence considered Strong in strength with testimony from 5 witnesses. The accused had no prior criminal record. Based on the evaluation of the facts and evidence, the accused was ultimately convicted by the court."
549,Theft,379,The accused was charged with theft under IPC section 379. Evidence strength was Strong. 0 witnesses were presented in court. Prior criminal record: Yes.,Strong,0,Yes,2,32248,Convicted,"This case involves a charge of Theft under IPC section 379. The prosecution presented evidence considered Strong in strength with testimony from 0 witnesses. The accused had no prior criminal record. Based on the evaluation of the facts and evidence, the accused was ultimately convicted by the court."
550,Theft,379,The accused was charged with theft under IPC section 379. Evidence strength was Weak. 4 witnesses were presented in court. Prior criminal record: Yes.,Weak,4,Yes,5,45563,Convicted,"This case involves a charge of Theft under IPC section 379. The prosecution presented evidence considered Weak in strength with testimony from 4 witnesses. The accused had no prior criminal record. Based on the evaluation of the facts and evidence, the accused was ultimately convicted by the court."
551,Corruption,13,The accused was charged with corruption under IPC section 13. Evidence strength was Weak. 0 witnesses were presented in court. Prior criminal record: No.,Weak,0,No,9,23742,Convicted,"This case involves a charge of Corruption under IPC section 13. The prosecution presented evidence considered Weak in strength with testimony from 0 witnesses. The accused had no prior criminal record. Based on the evaluation of the facts and evidence, the accused was ultimately convicted by the court."
552,Assault,323,The accused was charged with assault under IPC section 323. Evidence strength was Moderate. 0 witnesses were presented in court. Prior criminal record: Yes.,Moderate,0,Yes,0,0,Acquitted,"This case involves a charge of Assault under IPC section 323. The prosecution presented evidence considered Moderate in strength with testimony from 0 witnesses. The accused had no prior criminal record. Based on the evaluation of the facts and evidence, the accused was acquitted due to insufficient evidence."
553,Theft,379,The accused was charged with theft under IPC section 379. Evidence strength was Strong. 0 witnesses were presented in court. Prior criminal record: Yes.,Strong,0,Yes,3,25088,Convicted,"This case involves a charge of Theft under IPC section 379. The prosecution presented evidence considered Strong in strength with testimony from 0 witnesses. The accused had no prior criminal record. Based on the evaluation of the facts and evidence, the accused was ultimately convicted by the court."
554,Kidnapping,363,The accused was charged with kidnapping under IPC section 363. Evidence strength was Weak. 3 witnesses were presented in court. Prior criminal record: Yes.,Weak,3,Yes,5,5483,Convicted,"This case involves a charge of Kidnapping under IPC section 363. The prosecution presented evidence considered Weak in strength with testimony from 3 witnesses. The accused had no prior criminal record. Based on the evaluation of the facts and evidence, the accused was ultimately convicted by the court."
555,Sexual Assault,376,The accused was charged with sexual assault under IPC section 376. Evidence strength was Strong. 0 witnesses were presented in court. Prior criminal record: Yes.,Strong,0,Yes,14,24015,Convicted,"This case involves a charge of Sexual Assault under IPC section 376. The prosecution presented evidence considered Strong in strength with testimony from 0 witnesses. The accused had no prior criminal record. Based on the evaluation of the facts and evidence, the accused was ultimately convicted by the court."
556,Cheating,420,The accused was charged with cheating under IPC section 420. Evidence strength was Strong. 5 witnesses were presented in court. Prior criminal record: Yes.,Strong,5,Yes,5,41375,Convicted,"This case involves a charge of Cheating under IPC section 420. The prosecution presented evidence considered Strong in strength with testimony from 5 witnesses. The accused had no prior criminal record. Based on the evaluation of the facts and evidence, the accused was ultimately convicted by the court."
557,Corruption,13,The accused was charged with corruption under IPC section 13. Evidence strength was Weak. 0 witnesses were presented in court. Prior criminal record: Yes.,Weak,0,Yes,4,20319,Convicted,"This case involves a charge of Corruption under IPC section 13. The prosecution presented evidence considered Weak in strength with testimony from 0 witnesses. The accused had no prior criminal record. Based on the evaluation of the facts and evidence, the accused was ultimately convicted by the court."
558,Drug Possession,21,The accused was charged with drug possession under IPC section 21. Evidence strength was Moderate. 3 witnesses were presented in court. Prior criminal record: No.,Moderate,3,No,5,10075,Convicted,"This case involves a charge of Drug Possession under IPC section 21. The prosecution presented evidence considered Moderate in strength with testimony from 3 witnesses. The accused had no prior criminal record. Based on the evaluation of the facts and evidence, the accused was ultimately convicted by the court."
559,Theft,379,The accused was charged with theft under IPC section 379. Evidence strength was Weak. 4 witnesses were presented in court. Prior criminal record: No.,Weak,4,No,3,7732,Convicted,"This case involves a charge of Theft under IPC section 379. The prosecution presented evidence considered Weak in strength with testimony from 4 witnesses. The accused had no prior criminal record. Based on the evaluation of the facts and evidence, the accused was ultimately convicted by the court."
560,Sexual Assault,376,The accused was charged with sexual assault under IPC section 376. Evidence strength was Strong. 4 witnesses were presented in court. Prior criminal record: Yes.,Strong,4,Yes,18,26673,Convicted,"This case involves a charge of Sexual Assault under IPC section 376. The prosecution presented evidence considered Strong in strength with testimony from 4 witnesses. The accused had no prior criminal record. Based on the evaluation of the facts and evidence, the accused was ultimately convicted by the court."
561,Kidnapping,363,The accused was charged with kidnapping under IPC section 363. Evidence strength was Strong. 0 witnesses were presented in court. Prior criminal record: Yes.,Strong,0,Yes,10,26289,Convicted,"This case involves a charge of Kidnapping under IPC section 363. The prosecution presented evidence considered Strong in strength with testimony from 0 witnesses. The accused had no prior criminal record. Based on the evaluation of the facts and evidence, the accused was ultimately convicted by the court."
562,Theft,379,The accused was charged with theft under IPC section 379. Evidence strength was Weak. 3 witnesses were presented in court. Prior criminal record: Yes.,Weak,3,Yes,5,1790,Convicted,"This case involves a charge of Theft under IPC section 379. The prosecution presented evidence considered Weak in strength with testimony from 3 witnesses. The accused had no prior criminal record. Based on the evaluation of the facts and evidence, the accused was ultimately convicted by the court."
563,Cybercrime,66,The accused was charged with cybercrime under IPC section 66. Evidence strength was Moderate. 1 witnesses were presented in court. Prior criminal record: No.,Moderate,1,No,0,0,Acquitted,"This case involves a charge of Cybercrime under IPC section 66. The prosecution presented evidence considered Moderate in strength with testimony from 1 witnesses. The accused had no prior criminal record. Based on the evaluation of the facts and evidence, the accused was acquitted due to insufficient evidence."
564,Cybercrime,66,The accused was charged with cybercrime under IPC section 66. Evidence strength was Strong. 5 witnesses were presented in court. Prior criminal record: Yes.,Strong,5,Yes,4,5783,Convicted,"This case involves a charge of Cybercrime under IPC section 66. The prosecution presented evidence considered Strong in strength with testimony from 5 witnesses. The accused had no prior criminal record. Based on the evaluation of the facts and evidence, the accused was ultimately convicted by the court."
565,Murder,302,The accused was charged with murder under IPC section 302. Evidence strength was Strong. 0 witnesses were presented in court. Prior criminal record: Yes.,Strong,0,Yes,18,15138,Convicted,"This case involves a charge of Murder under IPC section 302. The prosecution presented evidence considered Strong in strength with testimony from 0 witnesses. The accused had no prior criminal record. Based on the evaluation of the facts and evidence, the accused was ultimately convicted by the court."
566,Murder,302,The accused was charged with murder under IPC section 302. Evidence strength was Weak. 3 witnesses were presented in court. Prior criminal record: No.,Weak,3,No,0,0,Acquitted,"This case involves a charge of Murder under IPC section 302. The prosecution presented evidence considered Weak in strength with testimony from 3 witnesses. The accused had no prior criminal record. Based on the evaluation of the facts and evidence, the accused was acquitted due to insufficient evidence."
567,Drug Possession,21,The accused was charged with drug possession under IPC section 21. Evidence strength was Strong. 3 witnesses were presented in court. Prior criminal record: Yes.,Strong,3,Yes,10,36235,Convicted,"This case involves a charge of Drug Possession under IPC section 21. The prosecution presented evidence considered Strong in strength with testimony from 3 witnesses. The accused had no prior criminal record. Based on the evaluation of the facts and evidence, the accused was ultimately convicted by the court."
568,Smuggling,135,The accused was charged with smuggling under IPC section 135. Evidence strength was Weak. 2 witnesses were presented in court. Prior criminal record: Yes.,Weak,2,Yes,0,0,Acquitted,"This case involves a charge of Smuggling under IPC section 135. The prosecution presented evidence considered Weak in strength with testimony from 2 witnesses. The accused had no prior criminal record. Based on the evaluation of the facts and evidence, the accused was acquitted due to insufficient evidence."
569,Theft,379,The accused was charged with theft under IPC section 379. Evidence strength was Strong. 1 witnesses were presented in court. Prior criminal record: Yes.,Strong,1,Yes,5,22413,Convicted,"This case involves a charge of Theft under IPC section 379. The prosecution presented evidence considered Strong in strength with testimony from 1 witnesses. The accused had no prior criminal record. Based on the evaluation of the facts and evidence, the accused was ultimately convicted by the court."
570,Drug Possession,21,The accused was charged with drug possession under IPC section 21. Evidence strength was Strong. 5 witnesses were presented in court. Prior criminal record: Yes.,Strong,5,Yes,6,46788,Convicted,"This case involves a charge of Drug Possession under IPC section 21. The prosecution presented evidence considered Strong in strength with testimony from 5 witnesses. The accused had no prior criminal record. Based on the evaluation of the facts and evidence, the accused was ultimately convicted by the court."
571,Drug Possession,21,The accused was charged with drug possession under IPC section 21. Evidence strength was Strong. 1 witnesses were presented in court. Prior criminal record: Yes.,Strong,1,Yes,5,6650,Convicted,"This case involves a charge of Drug Possession under IPC section 21. The prosecution presented evidence considered Strong in strength with testimony from 1 witnesses. The accused had no prior criminal record. Based on the evaluation of the facts and evidence, the accused was ultimately convicted by the court."
572,Drug Possession,21,The accused was charged with drug possession under IPC section 21. Evidence strength was Weak. 3 witnesses were presented in court. Prior criminal record: Yes.,Weak,3,Yes,6,44652,Convicted,"This case involves a charge of Drug Possession under IPC section 21. The prosecution presented evidence considered Weak in strength with testimony from 3 witnesses. The accused had no prior criminal record. Based on the evaluation of the facts and evidence, the accused was ultimately convicted by the court."
573,Assault,323,The accused was charged with assault under IPC section 323. Evidence strength was Weak. 0 witnesses were presented in court. Prior criminal record: Yes.,Weak,0,Yes,1,17266,Convicted,"This case involves a charge of Assault under IPC section 323. The prosecution presented evidence considered Weak in strength with testimony from 0 witnesses. The accused had no prior criminal record. Based on the evaluation of the facts and evidence, the accused was ultimately convicted by the court."
574,Cybercrime,66,The accused was charged with cybercrime under IPC section 66. Evidence strength was Strong. 4 witnesses were presented in court. Prior criminal record: No.,Strong,4,No,2,25370,Convicted,"This case involves a charge of Cybercrime under IPC section 66. The prosecution presented evidence considered Strong in strength with testimony from 4 witnesses. The accused had no prior criminal record. Based on the evaluation of the facts and evidence, the accused was ultimately convicted by the court."
575,Assault,323,The accused was charged with assault under IPC section 323. Evidence strength was Strong. 2 witnesses were presented in court. Prior criminal record: Yes.,Strong,2,Yes,0,22955,Convicted,"This case involves a charge of Assault under IPC section 323. The prosecution presented evidence considered Strong in strength with testimony from 2 witnesses. The accused had no prior criminal record. Based on the evaluation of the facts and evidence, the accused was ultimately convicted by the court."
576,Drug Possession,21,The accused was charged with drug possession under IPC section 21. Evidence strength was Moderate. 4 witnesses were presented in court. Prior criminal record: Yes.,Moderate,4,Yes,6,47682,Convicted,"This case involves a charge of Drug Possession under IPC section 21. The prosecution presented evidence considered Moderate in strength with testimony from 4 witnesses. The accused had no prior criminal record. Based on the evaluation of the facts and evidence, the accused was ultimately convicted by the court."
577,Smuggling,135,The accused was charged with smuggling under IPC section 135. Evidence strength was Strong. 0 witnesses were presented in court. Prior criminal record: No.,Strong,0,No,5,34474,Convicted,"This case involves a charge of Smuggling under IPC section 135. The prosecution presented evidence considered Strong in strength with testimony from 0 witnesses. The accused had no prior criminal record. Based on the evaluation of the facts and evidence, the accused was ultimately convicted by the court."
578,Cybercrime,66,The accused was charged with cybercrime under IPC section 66. Evidence strength was Weak. 3 witnesses were presented in court. Prior criminal record: Yes.,Weak,3,Yes,3,11309,Convicted,"This case involves a charge of Cybercrime under IPC section 66. The prosecution presented evidence considered Weak in strength with testimony from 3 witnesses. The accused had no prior criminal record. Based on the evaluation of the facts and evidence, the accused was ultimately convicted by the court."
579,Kidnapping,363,The accused was charged with kidnapping under IPC section 363. Evidence strength was Weak. 4 witnesses were presented in court. Prior criminal record: Yes.,Weak,4,Yes,6,49547,Convicted,"This case involves a charge of Kidnapping under IPC section 363. The prosecution presented evidence considered Weak in strength with testimony from 4 witnesses. The accused had no prior criminal record. Based on the evaluation of the facts and evidence, the accused was ultimately convicted by the court."
580,Sexual Assault,376,The accused was charged with sexual assault under IPC section 376. Evidence strength was Weak. 0 witnesses were presented in court. Prior criminal record: Yes.,Weak,0,Yes,7,16458,Convicted,"This case involves a charge of Sexual Assault under IPC section 376. The prosecution presented evidence considered Weak in strength with testimony from 0 witnesses. The accused had no prior criminal record. Based on the evaluation of the facts and evidence, the accused was ultimately convicted by the court."
581,Cybercrime,66,The accused was charged with cybercrime under IPC section 66. Evidence strength was Moderate. 1 witnesses were presented in court. Prior criminal record: Yes.,Moderate,1,Yes,5,27316,Convicted,"This case involves a charge of Cybercrime under IPC section 66. The prosecution presented evidence considered Moderate in strength with testimony from 1 witnesses. The accused had no prior criminal record. Based on the evaluation of the facts and evidence, the accused was ultimately convicted by the court."
582,Drug Possession,21,The accused was charged with drug possession under IPC section 21. Evidence strength was Weak. 2 witnesses were presented in court. Prior criminal record: Yes.,Weak,2,Yes,0,0,Acquitted,"This case involves a charge of Drug Possession under IPC section 21. The prosecution presented evidence considered Weak in strength with testimony from 2 witnesses. The accused had no prior criminal record. Based on the evaluation of the facts and evidence, the accused was acquitted due to insufficient evidence."
583,Cybercrime,66,The accused was charged with cybercrime under IPC section 66. Evidence strength was Moderate. 0 witnesses were presented in court. Prior criminal record: No.,Moderate,0,No,5,23063,Convicted,"This case involves a charge of Cybercrime under IPC section 66. The prosecution presented evidence considered Moderate in strength with testimony from 0 witnesses. The accused had no prior criminal record. Based on the evaluation of the facts and evidence, the accused was ultimately convicted by the court."
584,Murder,302,The accused was charged with murder under IPC section 302. Evidence strength was Weak. 1 witnesses were presented in court. Prior criminal record: Yes.,Weak,1,Yes,0,0,Acquitted,"This case involves a charge of Murder under IPC section 302. The prosecution presented evidence considered Weak in strength with testimony from 1 witnesses. The accused had no prior criminal record. Based on the evaluation of the facts and evidence, the accused was acquitted due to insufficient evidence."
585,Theft,379,The accused was charged with theft under IPC section 379. Evidence strength was Moderate. 2 witnesses were presented in court. Prior criminal record: No.,Moderate,2,No,0,0,Acquitted,"This case involves a charge of Theft under IPC section 379. The prosecution presented evidence considered Moderate in strength with testimony from 2 witnesses. The accused had no prior criminal record. Based on the evaluation of the facts and evidence, the accused was acquitted due to insufficient evidence."
586,Theft,379,The accused was charged with theft under IPC section 379. Evidence strength was Strong. 3 witnesses were presented in court. Prior criminal record: Yes.,Strong,3,Yes,3,14151,Convicted,"This case involves a charge of Theft under IPC section 379. The prosecution presented evidence considered Strong in strength with testimony from 3 witnesses. The accused had no prior criminal record. Based on the evaluation of the facts and evidence, the accused was ultimately convicted by the court."
587,Kidnapping,363,The accused was charged with kidnapping under IPC section 363. Evidence strength was Strong. 2 witnesses were presented in court. Prior criminal record: Yes.,Strong,2,Yes,10,25135,Convicted,"This case involves a charge of Kidnapping under IPC section 363. The prosecution presented evidence considered Strong in strength with testimony from 2 witnesses. The accused had no prior criminal record. Based on the evaluation of the facts and evidence, the accused was ultimately convicted by the court."
588,Smuggling,135,The accused was charged with smuggling under IPC section 135. Evidence strength was Moderate. 1 witnesses were presented in court. Prior criminal record: Yes.,Moderate,1,Yes,2,14436,Convicted,"This case involves a charge of Smuggling under IPC section 135. The prosecution presented evidence considered Moderate in strength with testimony from 1 witnesses. The accused had no prior criminal record. Based on the evaluation of the facts and evidence, the accused was ultimately convicted by the court."
589,Murder,302,The accused was charged with murder under IPC section 302. Evidence strength was Weak. 4 witnesses were presented in court. Prior criminal record: No.,Weak,4,No,20,1047,Convicted,"This case involves a charge of Murder under IPC section 302. The prosecution presented evidence considered Weak in strength with testimony from 4 witnesses. The accused had no prior criminal record. Based on the evaluation of the facts and evidence, the accused was ultimately convicted by the court."
590,Drug Possession,21,The accused was charged with drug possession under IPC section 21. Evidence strength was Strong. 5 witnesses were presented in court. Prior criminal record: No.,Strong,5,No,3,14447,Convicted,"This case involves a charge of Drug Possession under IPC section 21. The prosecution presented evidence considered Strong in strength with testimony from 5 witnesses. The accused had no prior criminal record. Based on the evaluation of the facts and evidence, the accused was ultimately convicted by the court."
591,Sexual Assault,376,The accused was charged with sexual assault under IPC section 376. Evidence strength was Weak. 3 witnesses were presented in court. Prior criminal record: No.,Weak,3,No,9,24319,Convicted,"This case involves a charge of Sexual Assault under IPC section 376. The prosecution presented evidence considered Weak in strength with testimony from 3 witnesses. The accused had no prior criminal record. Based on the evaluation of the facts and evidence, the accused was ultimately convicted by the court."
592,Kidnapping,363,The accused was charged with kidnapping under IPC section 363. Evidence strength was Weak. 0 witnesses were presented in court. Prior criminal record: Yes.,Weak,0,Yes,0,0,Acquitted,"This case involves a charge of Kidnapping under IPC section 363. The prosecution presented evidence considered Weak in strength with testimony from 0 witnesses. The accused had no prior criminal record. Based on the evaluation of the facts and evidence, the accused was acquitted due to insufficient evidence."
593,Cybercrime,66,The accused was charged with cybercrime under IPC section 66. Evidence strength was Moderate. 5 witnesses were presented in court. Prior criminal record: Yes.,Moderate,5,Yes,5,7263,Convicted,"This case involves a charge of Cybercrime under IPC section 66. The prosecution presented evidence considered Moderate in strength with testimony from 5 witnesses. The accused had no prior criminal record. Based on the evaluation of the facts and evidence, the accused was ultimately convicted by the court."
594,Sexual Assault,376,The accused was charged with sexual assault under IPC section 376. Evidence strength was Weak. 5 witnesses were presented in court. Prior criminal record: No.,Weak,5,No,16,19606,Convicted,"This case involves a charge of Sexual Assault under IPC section 376. The prosecution presented evidence considered Weak in strength with testimony from 5 witnesses. The accused had no prior criminal record. Based on the evaluation of the facts and evidence, the accused was ultimately convicted by the court."
595,Murder,302,The accused was charged with murder under IPC section 302. Evidence strength was Moderate. 5 witnesses were presented in court. Prior criminal record: Yes.,Moderate,5,Yes,17,20115,Convicted,"This case involves a charge of Murder under IPC section 302. The prosecution presented evidence considered Moderate in strength with testimony from 5 witnesses. The accused had no prior criminal record. Based on the evaluation of the facts and evidence, the accused was ultimately convicted by the court."
596,Kidnapping,363,The accused was charged with kidnapping under IPC section 363. Evidence strength was Moderate. 3 witnesses were presented in court. Prior criminal record: No.,Moderate,3,No,0,0,Acquitted,"This case involves a charge of Kidnapping under IPC section 363. The prosecution presented evidence considered Moderate in strength with testimony from 3 witnesses. The accused had no prior criminal record. Based on the evaluation of the facts and evidence, the accused was acquitted due to insufficient evidence."
597,Corruption,13,The accused was charged with corruption under IPC section 13. Evidence strength was Moderate. 1 witnesses were presented in court. Prior criminal record: Yes.,Moderate,1,Yes,5,26556,Convicted,"This case involves a charge of Corruption under IPC section 13. The prosecution presented evidence considered Moderate in strength with testimony from 1 witnesses. The accused had no prior criminal record. Based on the evaluation of the facts and evidence, the accused was ultimately convicted by the court."
598,Smuggling,135,The accused was charged with smuggling under IPC section 135. Evidence strength was Weak. 1 witnesses were presented in court. Prior criminal record: Yes.,Weak,1,Yes,5,16271,Convicted,"This case involves a charge of Smuggling under IPC section 135. The prosecution presented evidence considered Weak in strength with testimony from 1 witnesses. The accused had no prior criminal record. Based on the evaluation of the facts and evidence, the accused was ultimately convicted by the court."
599,Cybercrime,66,The accused was charged with cybercrime under IPC section 66. Evidence strength was Moderate. 0 witnesses were presented in court. Prior criminal record: No.,Moderate,0,No,4,11102,Convicted,"This case involves a charge of Cybercrime under IPC section 66. The prosecution presented evidence considered Moderate in strength with testimony from 0 witnesses. The accused had no prior criminal record. Based on the evaluation of the facts and evidence, the accused was ultimately convicted by the court."
600,Corruption,13,The accused was charged with corruption under IPC section 13. Evidence strength was Moderate. 0 witnesses were presented in court. Prior criminal record: Yes.,Moderate,0,Yes,7,28079,Convicted,"This case involves a charge of Corruption under IPC section 13. The prosecution presented evidence considered Moderate in strength with testimony from 0 witnesses. The accused had no prior criminal record. Based on the evaluation of the facts and evidence, the accused was ultimately convicted by the court."
